match_id,match_name,home_team,away_team,bowling_team,innings_id,fullName,overs,maidens,conceded,wickets,economyRate,dots,foursConceded,sixesConceded,wides,noballs
1298179,ENG v PAK,PAK,ENG,ENG,1,Ben Stokes,4,0,32,1,8,6,1,0,2,1
1298179,ENG v PAK,PAK,ENG,ENG,1,Chris Woakes,3,0,26,0,8.66,7,2,1,2,0
1298179,ENG v PAK,PAK,ENG,ENG,1,Sam Curran,4,0,12,3,3,15,0,0,0,0
1298179,ENG v PAK,PAK,ENG,ENG,1,Adil Rashid,4,1,22,2,5.5,10,1,0,1,0
1298179,ENG v PAK,PAK,ENG,ENG,1,Chris Jordan,4,0,27,2,6.75,9,3,0,0,0
1298179,ENG v PAK,PAK,ENG,ENG,1,Liam Livingstone,1,0,16,0,16,1,1,1,1,0
1298179,ENG v PAK,PAK,ENG,PAK,2,Shaheen Shah Afridi,2.1,0,13,1,6,6,1,0,0,0
1298179,ENG v PAK,PAK,ENG,PAK,2,Naseem Shah,4,0,30,0,7.5,15,3,1,1,0
1298179,ENG v PAK,PAK,ENG,PAK,2,Haris Rauf,4,0,23,2,5.75,13,3,0,1,0
1298179,ENG v PAK,PAK,ENG,PAK,2,Shadab Khan,4,0,20,1,5,10,1,0,0,0
1298179,ENG v PAK,PAK,ENG,PAK,2,Mohammad Wasim,4,0,38,1,9.5,5,5,0,2,0
1298179,ENG v PAK,PAK,ENG,PAK,2,Iftikhar Ahmed,0.5,0,13,0,15.6,0,1,1,0,0
1298178,ENG v INDIA,INDIA,ENG,ENG,1,Ben Stokes,2,0,18,0,9,5,2,1,0,0
1298178,ENG v INDIA,INDIA,ENG,ENG,1,Chris Woakes,3,0,24,1,8,5,1,1,2,0
1298178,ENG v INDIA,INDIA,ENG,ENG,1,Sam Curran,4,0,42,0,10.5,9,5,2,0,0
1298178,ENG v INDIA,INDIA,ENG,ENG,1,Adil Rashid,4,0,20,1,5,8,1,0,0,0
1298178,ENG v INDIA,INDIA,ENG,ENG,1,Liam Livingstone,3,0,21,0,7,7,3,0,0,0
1298178,ENG v INDIA,INDIA,ENG,ENG,1,Chris Jordan,4,0,43,3,10.75,8,3,3,1,0
1298178,ENG v INDIA,INDIA,ENG,INDIA,2,Bhuvneshwar Kumar,2,0,25,0,12.5,4,3,1,1,0
1298178,ENG v INDIA,INDIA,ENG,INDIA,2,Arshdeep Singh,2,0,15,0,7.5,4,2,0,1,0
1298178,ENG v INDIA,INDIA,ENG,INDIA,2,Axar Patel,4,0,30,0,7.5,10,2,2,0,0
1298178,ENG v INDIA,INDIA,ENG,INDIA,2,Mohammed Shami,3,0,39,0,13,7,4,3,0,0
1298178,ENG v INDIA,INDIA,ENG,INDIA,2,Ravichandran Ashwin,2,0,27,0,13.5,1,1,2,1,0
1298178,ENG v INDIA,INDIA,ENG,INDIA,2,Hardik Pandya,3,0,34,0,11.33,5,1,2,0,0
1298177,NZ v PAK,NZ,PAK,PAK,1,Shaheen Shah Afridi,4,0,24,2,6,11,2,0,0,0
1298177,NZ v PAK,NZ,PAK,PAK,1,Naseem Shah,4,0,30,0,7.5,8,3,0,0,0
1298177,NZ v PAK,NZ,PAK,PAK,1,Haris Rauf,4,0,32,0,8,6,2,0,0,0
1298177,NZ v PAK,NZ,PAK,PAK,1,Mohammad Wasim,2,0,15,0,7.5,3,0,1,0,0
1298177,NZ v PAK,NZ,PAK,PAK,1,Shadab Khan,4,0,33,0,8.25,7,3,1,0,0
1298177,NZ v PAK,NZ,PAK,PAK,1,Mohammad Nawaz,2,0,12,1,6,2,0,0,0,0
1298177,NZ v PAK,NZ,PAK,NZ,2,Trent Boult,4,0,33,2,8.25,9,5,0,0,0
1298177,NZ v PAK,NZ,PAK,NZ,2,Tim Southee,3.1,0,24,0,7.57,7,3,0,2,0
1298177,NZ v PAK,NZ,PAK,NZ,2,Lockie Ferguson,4,0,37,0,9.25,7,4,1,1,0
1298177,NZ v PAK,NZ,PAK,NZ,2,Mitchell Santner,4,0,26,1,6.5,6,1,0,0,0
1298177,NZ v PAK,NZ,PAK,NZ,2,Ish Sodhi,4,0,26,0,6.5,4,1,0,0,0
1298176,INDIA v ZIM,INDIA,ZIM,ZIM,1,Richard Ngarava,4,1,44,1,11,12,2,4,1,1
1298176,INDIA v ZIM,INDIA,ZIM,ZIM,1,Tendai Chatara,4,0,34,0,8.5,5,3,1,0,0
1298176,INDIA v ZIM,INDIA,ZIM,ZIM,1,Blessing Muzarabani,4,0,50,1,12.5,5,8,0,1,0
1298176,INDIA v ZIM,INDIA,ZIM,ZIM,1,Wellington Masakadza,2,0,12,0,6,5,1,0,1,0
1298176,INDIA v ZIM,INDIA,ZIM,ZIM,1,Ryan Burl,1,0,14,0,14,1,1,1,0,0
1298176,INDIA v ZIM,INDIA,ZIM,ZIM,1,Sikandar Raza,3,0,18,1,6,5,0,1,0,0
1298176,INDIA v ZIM,INDIA,ZIM,ZIM,1,Sean Williams,2,0,9,2,4.5,6,0,0,2,0
1298176,INDIA v ZIM,INDIA,ZIM,INDIA,2,Bhuvneshwar Kumar,3,1,11,1,3.66,14,1,0,1,0
1298176,INDIA v ZIM,INDIA,ZIM,INDIA,2,Arshdeep Singh,2,0,9,1,4.5,9,1,0,2,0
1298176,INDIA v ZIM,INDIA,ZIM,INDIA,2,Mohammed Shami,2,0,14,2,7,7,1,1,0,0
1298176,INDIA v ZIM,INDIA,ZIM,INDIA,2,Hardik Pandya,3,0,16,2,5.33,10,1,0,2,1
1298176,INDIA v ZIM,INDIA,ZIM,INDIA,2,Ravichandran Ashwin,4,0,22,3,5.5,13,3,0,1,0
1298176,INDIA v ZIM,INDIA,ZIM,INDIA,2,Axar Patel,3.2,0,40,1,12,4,5,1,0,0
1298175,BAN v PAK,BAN,PAK,PAK,1,Shaheen Shah Afridi,4,0,22,4,5.5,13,2,1,0,0
1298175,BAN v PAK,BAN,PAK,PAK,1,Naseem Shah,3,0,15,0,5,9,2,0,0,0
1298175,BAN v PAK,BAN,PAK,PAK,1,Mohammad Wasim,2,0,19,0,9.5,5,1,1,1,0
1298175,BAN v PAK,BAN,PAK,PAK,1,Haris Rauf,4,0,21,1,5.25,11,2,0,0,0
1298175,BAN v PAK,BAN,PAK,PAK,1,Shadab Khan,4,0,30,2,7.5,8,3,0,0,0
1298175,BAN v PAK,BAN,PAK,PAK,1,Iftikhar Ahmed,3,0,15,1,5,9,2,0,0,0
1298175,BAN v PAK,BAN,PAK,BAN,2,Taskin Ahmed,3,0,26,0,8.66,10,1,2,0,1
1298175,BAN v PAK,BAN,PAK,BAN,2,Nasum Ahmed,4,0,14,1,3.5,13,0,0,2,0
1298175,BAN v PAK,BAN,PAK,BAN,2,Shakib Al Hasan,4,0,35,1,8.75,6,5,0,0,0
1298175,BAN v PAK,BAN,PAK,BAN,2,Mustafizur Rahman,4,0,21,1,5.25,8,0,0,0,0
1298175,BAN v PAK,BAN,PAK,BAN,2,Ebadot Hossain,3.1,0,25,1,7.89,7,1,1,0,1
1298174,NED v SA,NED,SA,SA,1,Wayne Parnell,4,0,32,0,8,10,2,2,1,0
1298174,NED v SA,NED,SA,SA,1,Kagiso Rabada,3,0,37,0,12.33,6,7,0,0,0
1298174,NED v SA,NED,SA,SA,1,Lungi Ngidi,3,0,35,0,11.66,3,5,0,0,0
1298174,NED v SA,NED,SA,SA,1,Anrich Nortje,4,0,10,1,2.5,14,0,0,0,0
1298174,NED v SA,NED,SA,SA,1,Keshav Maharaj,4,0,27,2,6.75,12,1,2,0,0
1298174,NED v SA,NED,SA,SA,1,Aiden Markram,2,0,16,1,8,3,0,1,1,0
1298174,NED v SA,NED,SA,NED,2,Fred Klaassen,4,0,20,2,5,15,3,0,0,0
1298174,NED v SA,NED,SA,NED,2,Paul van Meekeren,3,0,33,1,11,5,1,2,1,1
1298174,NED v SA,NED,SA,NED,2,Colin Ackermann,3,0,16,0,5.33,6,1,0,0,0
1298174,NED v SA,NED,SA,NED,2,Roelof van der Merwe,2,0,19,0,9.5,2,2,0,0,0
1298174,NED v SA,NED,SA,NED,2,Brandon Glover,2,0,9,3,4.5,5,0,0,1,0
1298174,NED v SA,NED,SA,NED,2,Logan van Beek,3,0,23,0,7.66,4,1,1,0,0
1298174,NED v SA,NED,SA,NED,2,Bas de Leede,3,0,25,2,8.33,4,1,0,1,2
1298173,ENG v SL,SL,ENG,ENG,1,Ben Stokes,3,0,24,1,8,8,1,2,0,0
1298173,ENG v SL,SL,ENG,ENG,1,Chris Woakes,3,0,24,1,8,5,3,0,1,0
1298173,ENG v SL,SL,ENG,ENG,1,Mark Wood,3,0,26,3,8.66,8,1,2,1,0
1298173,ENG v SL,SL,ENG,ENG,1,Sam Curran,4,0,27,1,6.75,10,2,1,0,0
1298173,ENG v SL,SL,ENG,ENG,1,Adil Rashid,4,0,16,1,4,11,0,0,0,0
1298173,ENG v SL,SL,ENG,ENG,1,Liam Livingstone,2,0,16,0,8,2,0,1,0,0
1298173,ENG v SL,SL,ENG,ENG,1,Moeen Ali,1,0,5,0,5,1,0,0,0,0
1298173,ENG v SL,SL,ENG,SL,2,Maheesh Theekshana,4,0,22,0,5.5,11,1,0,1,0
1298173,ENG v SL,SL,ENG,SL,2,Kasun Rajitha,3,0,40,0,13.33,4,5,1,2,0
1298173,ENG v SL,SL,ENG,SL,2,Lahiru Kumara,3.4,0,24,2,6.54,11,3,0,0,1
1298173,ENG v SL,SL,ENG,SL,2,Wanindu Hasaranga de Silva,4,0,23,2,5.75,11,1,1,0,0
1298173,ENG v SL,SL,ENG,SL,2,Dhananjaya de Silva,4,0,24,2,6,7,1,0,0,0
1298173,ENG v SL,SL,ENG,SL,2,Charith Asalanka,1,0,8,0,8,1,1,0,0,0
1298172,AUS v AFG,AUS,AFG,AFG,1,Fazalhaq Farooqi,4,0,29,2,7.25,13,4,1,0,0
1298172,AUS v AFG,AUS,AFG,AFG,1,Mujeeb Ur Rahman,4,0,42,1,10.5,5,4,1,1,0
1298172,AUS v AFG,AUS,AFG,AFG,1,Naveen-ul-Haq,4,0,21,3,5.25,11,2,0,0,0
1298172,AUS v AFG,AUS,AFG,AFG,1,Gulbadin Naib,3,0,31,0,10.33,6,3,2,0,0
1298172,AUS v AFG,AUS,AFG,AFG,1,Rashid Khan,4,0,29,1,7.25,9,2,1,1,0
1298172,AUS v AFG,AUS,AFG,AFG,1,Mohammad Nabi,1,0,14,0,14,1,1,1,0,0
1298172,AUS v AFG,AUS,AFG,AUS,2,Josh Hazlewood,4,0,33,2,8.25,13,2,3,0,0
1298172,AUS v AFG,AUS,AFG,AUS,2,Pat Cummins,4,0,22,0,5.5,12,2,0,0,0
1298172,AUS v AFG,AUS,AFG,AUS,2,Marcus Stoinis,2,0,26,0,13,2,2,1,2,0
1298172,AUS v AFG,AUS,AFG,AUS,2,Kane Richardson,4,0,48,1,12,4,3,3,1,0
1298172,AUS v AFG,AUS,AFG,AUS,2,Adam Zampa,4,0,22,2,5.5,11,1,0,0,0
1298172,AUS v AFG,AUS,AFG,AUS,2,Cameron Green,2,0,13,0,6.5,7,1,1,0,0
1298171,IRE v NZ,NZ,IRE,IRE,1,Josh Little,4,0,22,3,5.5,10,2,0,1,0
1298171,IRE v NZ,NZ,IRE,IRE,1,Mark Adair,4,0,39,1,9.75,9,3,1,3,0
1298171,IRE v NZ,NZ,IRE,IRE,1,Barry McCarthy,4,0,46,0,11.5,4,4,2,0,0
1298171,IRE v NZ,NZ,IRE,IRE,1,Gareth Delany,4,0,30,2,7.5,11,3,1,1,0
1298171,IRE v NZ,NZ,IRE,IRE,1,Fionn Hand,2,0,22,0,11,2,2,1,0,0
1298171,IRE v NZ,NZ,IRE,IRE,1,George Dockrell,2,0,18,0,9,4,2,0,2,0
1298171,IRE v NZ,NZ,IRE,NZ,2,Trent Boult,4,0,38,0,9.5,8,4,1,0,0
1298171,IRE v NZ,NZ,IRE,NZ,2,Tim Southee,4,0,29,2,7.25,8,2,1,0,0
1298171,IRE v NZ,NZ,IRE,NZ,2,Lockie Ferguson,4,0,22,3,5.5,10,1,0,0,0
1298171,IRE v NZ,NZ,IRE,NZ,2,Mitchell Santner,4,0,26,2,6.5,12,3,1,0,0
1298171,IRE v NZ,NZ,IRE,NZ,2,Ish Sodhi,4,0,31,2,7.75,10,0,2,1,0
1298170,PAK v SA,PAK,SA,SA,1,Wayne Parnell,4,0,31,1,7.75,10,3,1,0,0
1298170,PAK v SA,PAK,SA,SA,1,Kagiso Rabada,4,0,44,1,11,7,4,2,0,0
1298170,PAK v SA,PAK,SA,SA,1,Lungi Ngidi,4,0,32,1,8,11,3,1,2,0
1298170,PAK v SA,PAK,SA,SA,1,Anrich Nortje,4,0,41,4,10.25,11,1,4,0,1
1298170,PAK v SA,PAK,SA,SA,1,Tabraiz Shamsi,4,0,36,1,9,8,2,2,2,0
1298170,PAK v SA,PAK,SA,PAK,2,Shaheen Shah Afridi,3,0,14,3,4.66,11,2,0,0,0
1298170,PAK v SA,PAK,SA,PAK,2,Naseem Shah,3,0,19,1,6.33,10,1,1,1,0
1298170,PAK v SA,PAK,SA,PAK,2,Haris Rauf,3,0,44,1,14.66,2,7,1,1,0
1298170,PAK v SA,PAK,SA,PAK,2,Mohammad Wasim,2,0,13,1,6.5,3,1,0,0,0
1298170,PAK v SA,PAK,SA,PAK,2,Shadab Khan,2,0,16,2,8,5,1,1,0,0
1298170,PAK v SA,PAK,SA,PAK,2,Mohammad Nawaz,1,0,2,0,2,4,0,0,0,0
1298169,BAN v INDIA,INDIA,BAN,BAN,1,Taskin Ahmed,4,0,15,0,3.75,16,2,0,0,0
1298169,BAN v INDIA,INDIA,BAN,BAN,1,Shoriful Islam,4,0,57,0,14.25,7,4,4,2,2
1298169,BAN v INDIA,INDIA,BAN,BAN,1,Hasan Mahmud,4,0,47,3,11.75,7,6,2,0,1
1298169,BAN v INDIA,INDIA,BAN,BAN,1,Mustafizur Rahman,4,0,31,0,7.75,9,4,0,0,0
1298169,BAN v INDIA,INDIA,BAN,BAN,1,Shakib Al Hasan,4,0,33,2,8.25,3,2,0,0,0
1298169,BAN v INDIA,INDIA,BAN,INDIA,2,Bhuvneshwar Kumar,3,0,27,0,9,7,2,2,0,0
1298169,BAN v INDIA,INDIA,BAN,INDIA,2,Arshdeep Singh,4,0,38,2,9.5,10,5,1,0,0
1298169,BAN v INDIA,INDIA,BAN,INDIA,2,Mohammed Shami,3,0,25,1,8.33,7,2,1,0,0
1298169,BAN v INDIA,INDIA,BAN,INDIA,2,Axar Patel,1,0,6,0,6,2,0,0,0,0
1298169,BAN v INDIA,INDIA,BAN,INDIA,2,Ravichandran Ashwin,2,0,19,0,9.5,4,3,0,1,0
1298169,BAN v INDIA,INDIA,BAN,INDIA,2,Hardik Pandya,3,0,28,2,9.33,8,1,3,0,0
1298168,NED v ZIM,ZIM,NED,NED,1,Fred Klaassen,4,0,17,1,4.25,17,0,1,2,0
1298168,NED v ZIM,ZIM,NED,NED,1,Paul van Meekeren,4,0,29,3,7.25,13,3,0,2,0
1298168,NED v ZIM,ZIM,NED,NED,1,Brandon Glover,4,1,29,2,7.25,15,2,2,2,0
1298168,NED v ZIM,ZIM,NED,NED,1,Logan van Beek,2.2,0,17,2,7.28,8,1,1,1,0
1298168,NED v ZIM,ZIM,NED,NED,1,Bas de Leede,4,0,14,2,3.5,11,0,0,0,0
1298168,NED v ZIM,ZIM,NED,NED,1,Roelof van der Merwe,1,0,8,0,8,2,1,0,0,0
1298168,NED v ZIM,ZIM,NED,ZIM,2,Tendai Chatara,4,0,22,0,5.5,14,4,0,0,0
1298168,NED v ZIM,ZIM,NED,ZIM,2,Richard Ngarava,4,0,18,2,4.5,15,1,1,0,0
1298168,NED v ZIM,ZIM,NED,ZIM,2,Blessing Muzarabani,4,0,23,2,5.75,14,2,1,1,0
1298168,NED v ZIM,ZIM,NED,ZIM,2,Sean Williams,3,0,21,0,7,8,2,1,0,0
1298168,NED v ZIM,ZIM,NED,ZIM,2,Sikandar Raza,1,0,6,0,6,0,0,0,0,0
1298168,NED v ZIM,ZIM,NED,ZIM,2,Luke Jongwe,2,0,25,1,12.5,3,4,0,3,1
1298167,ENG v NZ,ENG,NZ,NZ,1,Trent Boult,4,0,40,0,10,8,4,1,1,0
1298167,ENG v NZ,ENG,NZ,NZ,1,Tim Southee,4,0,43,1,10.75,9,3,3,0,0
1298167,ENG v NZ,ENG,NZ,NZ,1,Mitchell Santner,4,0,25,1,6.25,8,2,0,0,0
1298167,ENG v NZ,ENG,NZ,NZ,1,Lockie Ferguson,4,0,45,2,11.25,6,4,2,0,1
1298167,ENG v NZ,ENG,NZ,NZ,1,Ish Sodhi,4,0,23,1,5.75,10,2,0,0,0
1298167,ENG v NZ,ENG,NZ,ENG,2,Moeen Ali,1,0,4,0,4,3,0,0,0,0
1298167,ENG v NZ,ENG,NZ,ENG,2,Chris Woakes,4,0,33,2,8.25,9,1,2,1,0
1298167,ENG v NZ,ENG,NZ,ENG,2,Adil Rashid,4,0,33,0,8.25,6,0,2,0,0
1298167,ENG v NZ,ENG,NZ,ENG,2,Sam Curran,4,0,26,2,6.5,9,0,0,2,0
1298167,ENG v NZ,ENG,NZ,ENG,2,Mark Wood,3,0,25,1,8.33,8,2,1,1,0
1298167,ENG v NZ,ENG,NZ,ENG,2,Liam Livingstone,3,0,26,0,8.66,4,3,0,0,0
1298167,ENG v NZ,ENG,NZ,ENG,2,Ben Stokes,1,0,10,1,10,2,2,0,0,0
1298166,AFG v SL,AFG,SL,SL,1,Kasun Rajitha,4,0,31,1,7.75,11,2,1,1,1
1298166,AFG v SL,AFG,SL,SL,1,Pramod Madushan,3,0,24,0,8,7,2,1,0,0
1298166,AFG v SL,AFG,SL,SL,1,Lahiru Kumara,4,0,30,2,7.5,12,2,1,4,0
1298166,AFG v SL,AFG,SL,SL,1,Maheesh Theekshana,4,0,33,0,8.25,5,1,1,1,0
1298166,AFG v SL,AFG,SL,SL,1,Wanindu Hasaranga de Silva,4,0,13,3,3.25,12,0,0,0,0
1298166,AFG v SL,AFG,SL,SL,1,Dhananjaya de Silva,1,0,9,1,9,1,1,0,0,0
1298166,AFG v SL,AFG,SL,AFG,2,Fazalhaq Farooqi,3.3,1,22,0,6.28,11,3,0,1,0
1298166,AFG v SL,AFG,SL,AFG,2,Mujeeb Ur Rahman,4,0,24,2,6,12,3,0,0,0
1298166,AFG v SL,AFG,SL,AFG,2,Fareed Ahmad,2,0,25,0,12.5,3,3,1,1,0
1298166,AFG v SL,AFG,SL,AFG,2,Rashid Khan,4,0,31,2,7.75,10,2,1,1,0
1298166,AFG v SL,AFG,SL,AFG,2,Azmatullah Omarzai,2,0,17,0,8.5,2,1,0,1,0
1298166,AFG v SL,AFG,SL,AFG,2,Mohammad Nabi,2,0,16,0,8,2,0,1,0,0
1298166,AFG v SL,AFG,SL,AFG,2,Gulbadin Naib,1,0,12,0,12,1,2,0,0,0
1298165,AUS v IRE,AUS,IRE,IRE,1,Josh Little,4,0,21,2,5.25,13,2,0,2,0
1298165,AUS v IRE,AUS,IRE,IRE,1,Mark Adair,4,0,59,0,14.75,6,7,2,6,0
1298165,AUS v IRE,AUS,IRE,IRE,1,Barry McCarthy,4,0,29,3,7.25,7,2,0,1,0
1298165,AUS v IRE,AUS,IRE,IRE,1,Gareth Delany,3,0,29,0,9.66,10,2,2,2,0
1298165,AUS v IRE,AUS,IRE,IRE,1,Fionn Hand,1,0,15,0,15,2,0,2,1,0
1298165,AUS v IRE,AUS,IRE,IRE,1,George Dockrell,4,0,24,0,6,8,0,1,0,0
1298165,AUS v IRE,AUS,IRE,AUS,2,Josh Hazlewood,3,0,24,0,8,8,1,2,1,0
1298165,AUS v IRE,AUS,IRE,AUS,2,Pat Cummins,4,0,28,2,7,14,3,1,1,0
1298165,AUS v IRE,AUS,IRE,AUS,2,Glenn Maxwell,2.1,0,14,2,6.46,6,2,0,0,0
1298165,AUS v IRE,AUS,IRE,AUS,2,Mitchell Starc,4,1,43,2,10.75,11,8,0,2,1
1298165,AUS v IRE,AUS,IRE,AUS,2,Adam Zampa,4,0,19,2,4.75,9,1,0,0,0
1298165,AUS v IRE,AUS,IRE,AUS,2,Marcus Stoinis,1,0,6,1,6,2,0,0,0,0
1298164,INDIA v SA,INDIA,SA,SA,1,Wayne Parnell,4,1,15,3,3.75,16,0,1,0,0
1298164,INDIA v SA,INDIA,SA,SA,1,Kagiso Rabada,4,0,26,0,6.5,13,2,1,1,0
1298164,INDIA v SA,INDIA,SA,SA,1,Lungi Ngidi,4,0,29,4,7.25,10,3,1,0,0
1298164,INDIA v SA,INDIA,SA,SA,1,Anrich Nortje,4,0,23,1,5.75,12,1,1,0,0
1298164,INDIA v SA,INDIA,SA,SA,1,Keshav Maharaj,3,0,28,0,9.33,5,3,1,0,0
1298164,INDIA v SA,INDIA,SA,SA,1,Aiden Markram,1,0,5,0,5,1,0,0,0,0
1298164,INDIA v SA,INDIA,SA,INDIA,2,Bhuvneshwar Kumar,3.4,0,21,0,5.72,13,2,1,0,0
1298164,INDIA v SA,INDIA,SA,INDIA,2,Arshdeep Singh,4,0,25,2,6.25,13,4,0,1,0
1298164,INDIA v SA,INDIA,SA,INDIA,2,Mohammed Shami,4,0,13,1,3.25,15,1,0,0,0
1298164,INDIA v SA,INDIA,SA,INDIA,2,Hardik Pandya,4,0,29,1,7.25,8,3,0,0,0
1298164,INDIA v SA,INDIA,SA,INDIA,2,Ravichandran Ashwin,4,0,43,1,10.75,5,1,4,0,0
1298163,NED v PAK,NED,PAK,PAK,1,Shaheen Shah Afridi,4,0,19,1,4.75,13,1,0,1,0
1298163,NED v PAK,NED,PAK,PAK,1,Naseem Shah,4,0,11,1,2.75,15,0,0,0,0
1298163,NED v PAK,NED,PAK,PAK,1,Mohammad Wasim,3,0,15,2,5,10,1,0,1,0
1298163,NED v PAK,NED,PAK,PAK,1,Haris Rauf,3,0,10,1,3.33,11,1,0,0,0
1298163,NED v PAK,NED,PAK,PAK,1,Shadab Khan,4,0,22,3,5.5,11,2,0,0,0
1298163,NED v PAK,NED,PAK,PAK,1,Mohammad Nawaz,2,0,11,0,5.5,3,0,0,0,0
1298163,NED v PAK,NED,PAK,NED,2,Fred Klaassen,3,0,26,0,8.66,4,3,0,0,0
1298163,NED v PAK,NED,PAK,NED,2,Paul van Meekeren,4,0,19,1,4.75,15,2,0,0,0
1298163,NED v PAK,NED,PAK,NED,2,Brandon Glover,2.5,0,22,2,7.76,9,3,0,0,0
1298163,NED v PAK,NED,PAK,NED,2,Tim Pringle,1,0,12,0,12,1,2,0,0,0
1298163,NED v PAK,NED,PAK,NED,2,Logan van Beek,2,0,9,0,4.5,5,0,0,0,0
1298163,NED v PAK,NED,PAK,NED,2,Roelof van der Merwe,1,0,7,0,7,1,0,0,0,0
1298162,BAN v ZIM,BAN,ZIM,ZIM,1,Richard Ngarava,4,0,24,2,6,11,2,0,2,0
1298162,BAN v ZIM,BAN,ZIM,ZIM,1,Blessing Muzarabani,2,0,13,2,6.5,8,3,0,0,0
1298162,BAN v ZIM,BAN,ZIM,ZIM,1,Tendai Chatara,3,0,18,0,6,7,1,0,0,0
1298162,BAN v ZIM,BAN,ZIM,ZIM,1,Sikandar Raza,4,0,35,1,8.75,2,2,1,0,0
1298162,BAN v ZIM,BAN,ZIM,ZIM,1,Brad Evans,3,0,32,0,10.66,2,3,1,1,0
1298162,BAN v ZIM,BAN,ZIM,ZIM,1,Wessly Madhevere,2,0,18,0,9,0,1,0,0,0
1298162,BAN v ZIM,BAN,ZIM,ZIM,1,Sean Williams,2,0,10,1,5,4,0,0,1,0
1298162,BAN v ZIM,BAN,ZIM,BAN,2,Taskin Ahmed,4,1,19,3,4.75,15,3,0,0,0
1298162,BAN v ZIM,BAN,ZIM,BAN,2,Hasan Mahmud,4,0,36,0,9,8,5,0,3,0
1298162,BAN v ZIM,BAN,ZIM,BAN,2,Mosaddek Hossain,4,0,34,2,8.5,11,3,2,0,1
1298162,BAN v ZIM,BAN,ZIM,BAN,2,Mustafizur Rahman,4,0,15,2,3.75,11,0,0,0,0
1298162,BAN v ZIM,BAN,ZIM,BAN,2,Shakib Al Hasan,4,0,34,0,8.5,5,3,0,0,0
1298161,NZ v SL,NZ,SL,SL,1,Maheesh Theekshana,4,0,35,1,8.75,7,2,2,1,0
1298161,NZ v SL,NZ,SL,SL,1,Kasun Rajitha,4,0,23,2,5.75,16,3,0,1,2
1298161,NZ v SL,NZ,SL,SL,1,Dhananjaya de Silva,2,0,14,1,7,4,1,0,0,0
1298161,NZ v SL,NZ,SL,SL,1,Wanindu Hasaranga de Silva,4,0,22,1,5.5,9,1,0,0,0
1298161,NZ v SL,NZ,SL,SL,1,Lahiru Kumara,3,0,37,1,12.33,2,2,2,2,1
1298161,NZ v SL,NZ,SL,SL,1,Chamika Karunaratne,3,0,34,0,11.33,5,3,1,1,0
1298161,NZ v SL,NZ,SL,NZ,2,Tim Southee,4,1,12,1,3,18,0,1,1,0
1298161,NZ v SL,NZ,SL,NZ,2,Trent Boult,4,0,13,4,3.25,18,1,0,1,0
1298161,NZ v SL,NZ,SL,NZ,2,Lockie Ferguson,4,0,35,1,8.75,11,4,1,3,0
1298161,NZ v SL,NZ,SL,NZ,2,Mitchell Santner,4,0,21,2,5.25,13,3,0,0,0
1298161,NZ v SL,NZ,SL,NZ,2,Ish Sodhi,3.2,0,21,2,6.3,11,2,1,1,0
1298158,PAK v ZIM,ZIM,PAK,PAK,1,Shaheen Shah Afridi,4,0,29,0,7.25,9,3,0,0,0
1298158,PAK v ZIM,ZIM,PAK,PAK,1,Naseem Shah,4,0,34,0,8.5,7,4,0,2,0
1298158,PAK v ZIM,ZIM,PAK,PAK,1,Mohammad Wasim,4,0,24,4,6,16,2,1,4,0
1298158,PAK v ZIM,ZIM,PAK,PAK,1,Haris Rauf,4,1,12,1,3,15,0,0,0,0
1298158,PAK v ZIM,ZIM,PAK,PAK,1,Shadab Khan,4,0,23,3,5.75,8,1,0,0,0
1298158,PAK v ZIM,ZIM,PAK,ZIM,2,Richard Ngarava,4,0,24,0,6,15,2,1,2,0
1298158,PAK v ZIM,ZIM,PAK,ZIM,2,Blessing Muzarabani,4,0,18,1,4.5,11,1,0,0,0
1298158,PAK v ZIM,ZIM,PAK,ZIM,2,Brad Evans,4,0,25,2,6.25,12,2,1,0,0
1298158,PAK v ZIM,ZIM,PAK,ZIM,2,Sikandar Raza,4,0,25,3,6.25,13,2,1,2,0
1298158,PAK v ZIM,ZIM,PAK,ZIM,2,Luke Jongwe,1,0,10,1,10,2,2,0,0,0
1298158,PAK v ZIM,ZIM,PAK,ZIM,2,Sean Williams,2,0,15,0,7.5,1,0,0,1,0
1298158,PAK v ZIM,ZIM,PAK,ZIM,2,Ryan Burl,1,0,7,0,7,0,0,0,0,0
1298157,INDIA v NED,INDIA,NED,NED,1,Fred Klaassen,4,0,33,1,8.25,9,2,1,2,0
1298157,INDIA v NED,INDIA,NED,NED,1,Tim Pringle,4,0,30,0,7.5,6,3,0,0,0
1298157,INDIA v NED,INDIA,NED,NED,1,Paul van Meekeren,4,0,32,1,8,9,3,1,0,0
1298157,INDIA v NED,INDIA,NED,NED,1,Bas de Leede,3,0,33,0,11,6,5,1,1,0
1298157,INDIA v NED,INDIA,NED,NED,1,Logan van Beek,4,0,45,0,11.25,3,2,3,0,0
1298157,INDIA v NED,INDIA,NED,NED,1,Shariz Ahmad,1,0,5,0,5,2,0,0,0,0
1298157,INDIA v NED,INDIA,NED,INDIA,2,Bhuvneshwar Kumar,3,2,9,2,3,14,1,0,0,0
1298157,INDIA v NED,INDIA,NED,INDIA,2,Arshdeep Singh,4,0,37,2,9.25,9,6,0,1,1
1298157,INDIA v NED,INDIA,NED,INDIA,2,Mohammed Shami,4,0,27,1,6.75,10,2,0,0,0
1298157,INDIA v NED,INDIA,NED,INDIA,2,Axar Patel,4,0,18,2,4.5,11,0,0,0,0
1298157,INDIA v NED,INDIA,NED,INDIA,2,Hardik Pandya,1,0,9,0,9,1,0,0,1,0
1298157,INDIA v NED,INDIA,NED,INDIA,2,Ravichandran Ashwin,4,0,21,2,5.25,13,1,1,1,0
1298156,BAN v SA,SA,BAN,BAN,1,Taskin Ahmed,3,0,46,1,15.33,7,6,2,0,3
1298156,BAN v SA,SA,BAN,BAN,1,Mehidy Hasan Miraz,3,0,32,0,10.66,4,2,2,0,0
1298156,BAN v SA,SA,BAN,BAN,1,Hasan Mahmud,4,0,36,1,9,11,3,2,2,0
1298156,BAN v SA,SA,BAN,BAN,1,Mustafizur Rahman,4,0,25,0,6.25,7,1,1,0,0
1298156,BAN v SA,SA,BAN,BAN,1,Mosaddek Hossain,2,0,16,0,8,5,1,1,0,0
1298156,BAN v SA,SA,BAN,BAN,1,Shakib Al Hasan,3,0,33,2,11,7,1,3,0,1
1298156,BAN v SA,SA,BAN,BAN,1,Afif Hossain,1,0,11,1,11,1,2,0,0,0
1298156,BAN v SA,SA,BAN,SA,2,Kagiso Rabada,3,0,24,1,8,8,1,2,1,0
1298156,BAN v SA,SA,BAN,SA,2,Wayne Parnell,2,0,18,0,9,3,0,1,1,0
1298156,BAN v SA,SA,BAN,SA,2,Anrich Nortje,3.3,0,10,4,2.85,16,1,0,0,0
1298156,BAN v SA,SA,BAN,SA,2,Keshav Maharaj,4,0,24,1,6,6,1,0,0,0
1298156,BAN v SA,SA,BAN,SA,2,Tabraiz Shamsi,4,0,20,3,5,12,0,1,2,0
1298154,ENG v IRE,IRE,ENG,ENG,1,Ben Stokes,2.2,0,8,1,3.42,7,0,0,0,0
1298154,ENG v IRE,IRE,ENG,ENG,1,Chris Woakes,3,0,41,0,13.66,4,6,1,2,0
1298154,ENG v IRE,IRE,ENG,ENG,1,Mark Wood,4,0,34,3,8.5,13,4,1,2,0
1298154,ENG v IRE,IRE,ENG,ENG,1,Sam Curran,3,0,31,2,10.33,7,1,2,0,0
1298154,ENG v IRE,IRE,ENG,ENG,1,Adil Rashid,4,0,24,0,6,6,1,0,0,0
1298154,ENG v IRE,IRE,ENG,ENG,1,Liam Livingstone,3,0,17,3,5.66,5,1,0,0,0
1298154,ENG v IRE,IRE,ENG,IRE,2,Josh Little,3,0,16,2,5.33,11,2,0,2,0
1298154,ENG v IRE,IRE,ENG,IRE,2,Mark Adair,2,0,10,0,5,5,0,0,0,0
1298154,ENG v IRE,IRE,ENG,IRE,2,Barry McCarthy,3,0,20,1,6.66,7,1,0,3,0
1298154,ENG v IRE,IRE,ENG,IRE,2,Fionn Hand,2,0,17,1,8.5,6,1,0,4,0
1298154,ENG v IRE,IRE,ENG,IRE,2,Gareth Delany,3.3,0,33,0,9.42,5,3,1,1,0
1298154,ENG v IRE,IRE,ENG,IRE,2,George Dockrell,1,0,5,1,5,2,0,0,0,0
1298153,AUS v SL,SL,AUS,AUS,1,Josh Hazlewood,4,0,26,1,6.5,13,3,0,3,0
1298153,AUS v SL,SL,AUS,AUS,1,Pat Cummins,4,0,36,1,9,12,5,1,2,0
1298153,AUS v SL,SL,AUS,AUS,1,Mitchell Starc,4,0,23,1,5.75,13,1,0,1,0
1298153,AUS v SL,SL,AUS,AUS,1,Ashton Agar,4,0,25,1,6.25,8,1,0,1,0
1298153,AUS v SL,SL,AUS,AUS,1,Marcus Stoinis,2,0,17,0,8.5,1,1,0,1,0
1298153,AUS v SL,SL,AUS,AUS,1,Mitchell Marsh,1,0,14,0,14,1,1,1,0,0
1298153,AUS v SL,SL,AUS,AUS,1,Glenn Maxwell,1,0,5,1,5,2,0,0,0,0
1298153,AUS v SL,SL,AUS,SL,2,Binura Fernando,0.5,0,5,0,6,2,0,0,0,0
1298153,AUS v SL,SL,AUS,SL,2,Dhananjaya de Silva,2.1,0,18,1,8.3,4,1,1,0,0
1298153,AUS v SL,SL,AUS,SL,2,Lahiru Kumara,3.3,0,22,0,6.28,15,0,1,3,0
1298153,AUS v SL,SL,AUS,SL,2,Chamika Karunaratne,3,0,20,1,6.66,5,1,0,1,0
1298153,AUS v SL,SL,AUS,SL,2,Maheesh Theekshana,3,0,23,1,7.66,11,0,3,1,0
1298153,AUS v SL,SL,AUS,SL,2,Wanindu Hasaranga de Silva,3,0,53,0,17.66,0,3,5,0,0
1298153,AUS v SL,SL,AUS,SL,2,Dasun Shanaka,1,0,10,0,10,2,2,0,0,0
1298152,SA v ZIM,ZIM,SA,SA,1,Kagiso Rabada,2,0,20,0,10,4,2,1,0,0
1298152,SA v ZIM,ZIM,SA,SA,1,Wayne Parnell,2,0,6,1,3,9,1,0,0,0
1298152,SA v ZIM,ZIM,SA,SA,1,Lungi Ngidi,2,0,20,2,10,6,2,1,2,0
1298152,SA v ZIM,ZIM,SA,SA,1,Keshav Maharaj,1,0,10,0,10,1,1,0,0,0
1298152,SA v ZIM,ZIM,SA,SA,1,Anrich Nortje,2,0,10,1,5,5,0,0,0,0
1298152,SA v ZIM,ZIM,SA,ZIM,2,Tendai Chatara,1,0,23,0,23,0,4,1,0,0
1298152,SA v ZIM,ZIM,SA,ZIM,2,Richard Ngarava,1,0,17,0,17,2,4,0,0,1
1298152,SA v ZIM,ZIM,SA,ZIM,2,Sikandar Raza,1,0,11,0,11,1,0,0,0,1
1298151,BAN v NED,BAN,NED,NED,1,Fred Klaassen,4,0,33,1,8.25,10,5,0,3,0
1298151,BAN v NED,BAN,NED,NED,1,Colin Ackermann,1,0,4,0,4,2,0,0,0,0
1298151,BAN v NED,BAN,NED,NED,1,Paul van Meekeren,4,0,21,2,5.25,10,1,0,0,0
1298151,BAN v NED,BAN,NED,NED,1,Bas de Leede,3,0,29,2,9.66,9,3,1,3,0
1298151,BAN v NED,BAN,NED,NED,1,Tim Pringle,2,0,10,1,5,4,0,0,0,0
1298151,BAN v NED,BAN,NED,NED,1,Shariz Ahmad,3,0,27,1,9,5,1,2,0,0
1298151,BAN v NED,BAN,NED,NED,1,Logan van Beek,3,0,12,1,4,7,0,0,1,0
1298151,BAN v NED,BAN,NED,BAN,2,Taskin Ahmed,4,0,25,4,6.25,16,5,0,0,0
1298151,BAN v NED,BAN,NED,BAN,2,Hasan Mahmud,4,1,15,2,3.75,16,2,0,0,0
1298151,BAN v NED,BAN,NED,BAN,2,Shakib Al Hasan,4,0,32,1,8,6,0,2,1,0
1298151,BAN v NED,BAN,NED,BAN,2,Mustafizur Rahman,4,0,20,0,5,14,2,0,2,0
1298151,BAN v NED,BAN,NED,BAN,2,Soumya Sarkar,3,0,29,1,9.66,5,2,1,1,0
1298151,BAN v NED,BAN,NED,BAN,2,Mosaddek Hossain,1,0,14,0,14,0,0,1,0,1
1298150,INDIA v PAK,PAK,INDIA,INDIA,1,Bhuvneshwar Kumar,4,0,22,1,5.5,17,1,1,3,0
1298150,INDIA v PAK,PAK,INDIA,INDIA,1,Arshdeep Singh,4,0,32,3,8,10,3,1,1,0
1298150,INDIA v PAK,PAK,INDIA,INDIA,1,Mohammed Shami,4,0,25,1,6.25,14,4,0,1,0
1298150,INDIA v PAK,PAK,INDIA,INDIA,1,Hardik Pandya,4,0,30,3,7.5,10,4,0,0,0
1298150,INDIA v PAK,PAK,INDIA,INDIA,1,Ravichandran Ashwin,3,0,23,0,7.66,5,0,1,1,0
1298150,INDIA v PAK,PAK,INDIA,INDIA,1,Axar Patel,1,0,21,0,21,2,0,3,0,0
1298150,INDIA v PAK,PAK,INDIA,PAK,2,Shaheen Shah Afridi,4,0,34,0,8.5,7,4,0,1,0
1298150,INDIA v PAK,PAK,INDIA,PAK,2,Naseem Shah,4,0,23,1,5.75,10,1,0,0,0
1298150,INDIA v PAK,PAK,INDIA,PAK,2,Haris Rauf,4,0,36,2,9,11,2,2,1,0
1298150,INDIA v PAK,PAK,INDIA,PAK,2,Shadab Khan,4,0,21,0,5.25,10,2,0,0,0
1298150,INDIA v PAK,PAK,INDIA,PAK,2,Mohammad Nawaz,4,0,42,2,10.5,8,0,4,2,1
1298149,IRE v SL,IRE,SL,SL,1,Binura Fernando,4,0,27,1,6.75,10,3,0,1,0
1298149,IRE v SL,IRE,SL,SL,1,Lahiru Kumara,2,0,12,1,6,6,2,0,0,0
1298149,IRE v SL,IRE,SL,SL,1,Maheesh Theekshana,4,0,19,2,4.75,8,1,0,0,0
1298149,IRE v SL,IRE,SL,SL,1,Chamika Karunaratne,4,0,29,1,7.25,7,2,1,0,0
1298149,IRE v SL,IRE,SL,SL,1,Wanindu Hasaranga de Silva,4,0,25,2,6.25,6,0,1,0,0
1298149,IRE v SL,IRE,SL,SL,1,Dhananjaya de Silva,2,0,13,1,6.5,3,1,0,0,0
1298149,IRE v SL,IRE,SL,IRE,2,Josh Little,4,0,45,0,11.25,5,4,1,1,0
1298149,IRE v SL,IRE,SL,IRE,2,Mark Adair,2,0,16,0,8,2,1,0,0,0
1298149,IRE v SL,IRE,SL,IRE,2,Barry McCarthy,2,0,16,0,8,4,0,1,0,0
1298149,IRE v SL,IRE,SL,IRE,2,Gareth Delany,4,0,28,1,7,8,3,0,2,0
1298149,IRE v SL,IRE,SL,IRE,2,Curtis Campher,1,0,8,0,8,2,1,0,0,0
1298149,IRE v SL,IRE,SL,IRE,2,Simi Singh,2,0,20,0,10,3,0,2,0,0
1298148,AFG v ENG,AFG,ENG,ENG,1,Ben Stokes,4,0,19,2,4.75,14,2,0,1,0
1298148,AFG v ENG,AFG,ENG,ENG,1,Chris Woakes,4,0,24,1,6,15,2,1,1,0
1298148,AFG v ENG,AFG,ENG,ENG,1,Mark Wood,4,0,23,2,5.75,14,2,1,0,0
1298148,AFG v ENG,AFG,ENG,ENG,1,Sam Curran,3.4,0,10,5,2.72,16,1,0,1,0
1298148,AFG v ENG,AFG,ENG,ENG,1,Adil Rashid,4,0,32,0,8,4,1,1,0,0
1298148,AFG v ENG,AFG,ENG,AFG,2,Fazalhaq Farooqi,4,0,24,1,6,15,2,1,3,0
1298148,AFG v ENG,AFG,ENG,AFG,2,Azmatullah Omarzai,1.1,0,11,0,9.42,2,1,0,3,0
1298148,AFG v ENG,AFG,ENG,AFG,2,Mujeeb Ur Rahman,4,0,22,1,5.5,10,1,0,0,0
1298148,AFG v ENG,AFG,ENG,AFG,2,Rashid Khan,4,0,17,1,4.25,10,0,0,0,0
1298148,AFG v ENG,AFG,ENG,AFG,2,Fareed Ahmad,2,0,23,1,11.5,2,2,0,1,0
1298148,AFG v ENG,AFG,ENG,AFG,2,Mohammad Nabi,3,0,16,1,5.33,6,0,0,0,0
1298147,AUS v NZ,NZ,AUS,AUS,1,Mitchell Starc,4,0,36,0,9,5,3,1,0,0
1298147,AUS v NZ,NZ,AUS,AUS,1,Josh Hazlewood,4,0,41,2,10.25,8,5,1,1,0
1298147,AUS v NZ,NZ,AUS,AUS,1,Pat Cummins,4,0,46,0,11.5,8,4,2,2,0
1298147,AUS v NZ,NZ,AUS,AUS,1,Marcus Stoinis,4,0,38,0,9.5,3,1,2,1,0
1298147,AUS v NZ,NZ,AUS,AUS,1,Adam Zampa,4,0,39,1,9.75,4,2,2,1,0
1298147,AUS v NZ,NZ,AUS,NZ,2,Trent Boult,4,0,24,2,6,13,2,1,1,0
1298147,AUS v NZ,NZ,AUS,NZ,2,Tim Southee,2.1,0,6,3,2.76,10,1,0,0,0
1298147,AUS v NZ,NZ,AUS,NZ,2,Mitchell Santner,4,0,31,3,7.75,10,2,2,0,0
1298147,AUS v NZ,NZ,AUS,NZ,2,Lockie Ferguson,3,0,20,1,6.66,9,2,1,0,0
1298147,AUS v NZ,NZ,AUS,NZ,2,Ish Sodhi,4,0,29,1,7.25,8,2,1,1,0
1298146,SCOT v ZIM,SCOT,ZIM,ZIM,1,Tendai Chatara,4,1,14,2,3.5,14,1,0,0,0
1298146,SCOT v ZIM,SCOT,ZIM,ZIM,1,Richard Ngarava,4,0,28,2,7,12,4,0,1,1
1298146,SCOT v ZIM,SCOT,ZIM,ZIM,1,Blessing Muzarabani,4,0,34,1,8.5,9,5,0,0,2
1298146,SCOT v ZIM,SCOT,ZIM,ZIM,1,Sean Williams,3,0,19,0,6.33,4,1,0,0,0
1298146,SCOT v ZIM,SCOT,ZIM,ZIM,1,Sikandar Raza,4,0,20,1,5,10,0,0,2,0
1298146,SCOT v ZIM,SCOT,ZIM,ZIM,1,Wessly Madhevere,1,0,7,0,7,1,0,0,0,0
1298146,SCOT v ZIM,SCOT,ZIM,SCOT,2,Brad Wheal,4,0,26,1,6.5,12,4,0,0,0
1298146,SCOT v ZIM,SCOT,ZIM,SCOT,2,Josh Davey,3,0,16,2,5.33,8,1,0,0,1
1298146,SCOT v ZIM,SCOT,ZIM,SCOT,2,Safyaan Sharif,2.3,0,23,0,9.2,4,3,0,0,1
1298146,SCOT v ZIM,SCOT,ZIM,SCOT,2,Mark Watt,4,0,19,1,4.75,9,1,0,0,0
1298146,SCOT v ZIM,SCOT,ZIM,SCOT,2,Michael Leask,4,0,36,1,9,4,2,1,0,0
1298146,SCOT v ZIM,SCOT,ZIM,SCOT,2,Calum MacLeod,1,0,11,0,11,0,0,1,0,0
1298145,IRE v WI,WI,IRE,IRE,1,Josh Little,4,0,31,0,7.75,8,1,2,1,0
1298145,IRE v WI,WI,IRE,IRE,1,Mark Adair,4,0,26,0,6.5,12,1,1,4,0
1298145,IRE v WI,WI,IRE,IRE,1,Barry McCarthy,4,0,33,1,8.25,9,3,1,1,0
1298145,IRE v WI,WI,IRE,IRE,1,Curtis Campher,2,0,28,0,14,2,4,1,0,0
1298145,IRE v WI,WI,IRE,IRE,1,Simi Singh,2,0,11,1,5.5,4,1,0,0,0
1298145,IRE v WI,WI,IRE,IRE,1,Gareth Delany,4,0,16,3,4,12,1,0,1,0
1298145,IRE v WI,WI,IRE,WI,2,Obed McCoy,3.3,0,27,0,7.71,11,2,2,0,0
1298145,IRE v WI,WI,IRE,WI,2,Akeal Hosein,4,0,38,1,9.5,5,2,2,0,0
1298145,IRE v WI,WI,IRE,WI,2,Alzarri Joseph,4,0,39,0,9.75,9,3,2,1,0
1298145,IRE v WI,WI,IRE,WI,2,Odean Smith,2,0,23,0,11.5,4,3,1,0,1
1298145,IRE v WI,WI,IRE,WI,2,Jason Holder,4,0,23,0,5.75,7,1,0,0,0
1298144,NAM v UAE,UAE,NAM,NAM,1,Ruben Trumpelmann,4,0,22,0,5.5,10,0,0,3,0
1298144,NAM v UAE,UAE,NAM,NAM,1,David Wiese,4,0,27,1,6.75,12,2,1,1,0
1298144,NAM v UAE,UAE,NAM,NAM,1,Bernard Scholtz,4,0,22,1,5.5,11,1,1,0,0
1298144,NAM v UAE,UAE,NAM,NAM,1,JJ Smit,4,0,39,0,9.75,11,2,3,0,0
1298144,NAM v UAE,UAE,NAM,NAM,1,Jan Frylinck,3,0,30,0,10,3,2,1,1,0
1298144,NAM v UAE,UAE,NAM,NAM,1,Ben Shikongo,1,0,8,1,8,1,1,0,0,0
1298144,NAM v UAE,UAE,NAM,UAE,2,Basil Hameed,3,0,17,2,5.66,10,2,0,0,0
1298144,NAM v UAE,UAE,NAM,UAE,2,Junaid Siddique,4,0,35,1,8.75,8,3,1,2,0
1298144,NAM v UAE,UAE,NAM,UAE,2,Zahoor Khan,4,0,20,2,5,15,1,0,2,2
1298144,NAM v UAE,UAE,NAM,UAE,2,Ahmed Raza,1,0,9,0,9,1,1,0,0,0
1298144,NAM v UAE,UAE,NAM,UAE,2,Karthik Meiyappan,4,0,34,1,8.5,8,2,2,0,0
1298144,NAM v UAE,UAE,NAM,UAE,2,Aayan Afzal Khan,2,0,7,0,3.5,5,0,0,0,0
1298144,NAM v UAE,UAE,NAM,UAE,2,Muhammad Waseem,2,0,16,1,8,3,0,1,0,0
1298143,NED v SL,SL,NED,NED,1,Fred Klaassen,4,0,34,1,8.5,9,1,2,0,0
1298143,NED v SL,SL,NED,NED,1,Tim Pringle,3,0,22,0,7.33,8,0,2,0,0
1298143,NED v SL,SL,NED,NED,1,Roelof van der Merwe,3,0,16,0,5.33,10,2,0,0,0
1298143,NED v SL,SL,NED,NED,1,Paul van Meekeren,4,0,25,2,6.25,11,3,0,1,0
1298143,NED v SL,SL,NED,NED,1,Bas de Leede,3,0,31,2,10.33,5,2,2,0,0
1298143,NED v SL,SL,NED,NED,1,Timm van der Gugten,3,0,31,1,10.33,3,2,1,0,0
1298143,NED v SL,SL,NED,SL,2,Dhananjaya de Silva,1,0,5,0,5,1,0,0,0,0
1298143,NED v SL,SL,NED,SL,2,Lahiru Kumara,4,0,28,1,7,14,2,1,1,0
1298143,NED v SL,SL,NED,SL,2,Binura Fernando,4,0,33,1,8.25,11,4,1,1,0
1298143,NED v SL,SL,NED,SL,2,Maheesh Theekshana,4,0,32,2,8,12,1,2,2,1
1298143,NED v SL,SL,NED,SL,2,Wanindu Hasaranga de Silva,4,0,28,3,7,11,3,0,0,0
1298143,NED v SL,SL,NED,SL,2,Chamika Karunaratne,2,0,11,0,5.5,6,1,0,1,0
1298143,NED v SL,SL,NED,SL,2,Dasun Shanaka,1,0,7,0,7,3,1,0,0,0
1298142,WI v ZIM,WI,ZIM,ZIM,1,Richard Ngarava,3,0,20,0,6.66,9,1,1,1,0
1298142,WI v ZIM,WI,ZIM,ZIM,1,Tendai Chatara,3,0,22,0,7.33,5,2,0,2,0
1298142,WI v ZIM,WI,ZIM,ZIM,1,Blessing Muzarabani,4,0,38,2,9.5,10,2,2,2,1
1298142,WI v ZIM,WI,ZIM,ZIM,1,Ryan Burl,3,0,27,0,9,5,3,1,0,0
1298142,WI v ZIM,WI,ZIM,ZIM,1,Sikandar Raza,4,0,19,3,4.75,7,0,0,0,0
1298142,WI v ZIM,WI,ZIM,ZIM,1,Sean Williams,3,0,17,1,5.66,7,1,0,0,1
1298142,WI v ZIM,WI,ZIM,WI,2,Kyle Mayers,1,0,17,0,17,3,3,0,1,0
1298142,WI v ZIM,WI,ZIM,WI,2,Akeal Hosein,4,0,25,1,6.25,12,1,1,1,1
1298142,WI v ZIM,WI,ZIM,WI,2,Alzarri Joseph,4,0,16,4,4,16,1,1,0,0
1298142,WI v ZIM,WI,ZIM,WI,2,Obed McCoy,3,0,19,1,6.33,9,3,0,0,0
1298142,WI v ZIM,WI,ZIM,WI,2,Jason Holder,3.2,0,12,3,3.6,12,1,0,0,0
1298142,WI v ZIM,WI,ZIM,WI,2,Odean Smith,3,0,31,1,10.33,8,4,1,1,1
1298141,IRE v SCOT,SCOT,IRE,IRE,1,Josh Little,4,0,30,1,7.5,10,2,1,1,0
1298141,IRE v SCOT,SCOT,IRE,IRE,1,Mark Adair,4,0,23,1,5.75,12,2,0,2,0
1298141,IRE v SCOT,SCOT,IRE,IRE,1,Barry McCarthy,4,0,59,0,14.75,4,6,3,1,1
1298141,IRE v SCOT,SCOT,IRE,IRE,1,Gareth Delany,3,0,28,0,9.33,3,2,1,0,0
1298141,IRE v SCOT,SCOT,IRE,IRE,1,Simi Singh,2,0,16,0,8,2,2,0,0,0
1298141,IRE v SCOT,SCOT,IRE,IRE,1,Curtis Campher,2,0,9,2,4.5,7,1,0,0,0
1298141,IRE v SCOT,SCOT,IRE,IRE,1,George Dockrell,1,0,9,0,9,1,1,0,0,0
1298141,IRE v SCOT,SCOT,IRE,SCOT,2,Mark Watt,4,0,39,1,9.75,10,2,1,2,0
1298141,IRE v SCOT,SCOT,IRE,SCOT,2,Brad Wheal,4,0,25,1,6.25,11,2,1,0,0
1298141,IRE v SCOT,SCOT,IRE,SCOT,2,Josh Davey,4,0,46,0,11.5,5,8,0,1,0
1298141,IRE v SCOT,SCOT,IRE,SCOT,2,Safyaan Sharif,3,0,32,1,10.66,3,4,0,1,0
1298141,IRE v SCOT,SCOT,IRE,SCOT,2,Chris Greaves,2,0,18,0,9,1,0,1,1,0
1298141,IRE v SCOT,SCOT,IRE,SCOT,2,Michael Leask,2,0,16,1,8,2,1,0,0,0
1298140,SL v UAE,SL,UAE,UAE,1,Junaid Siddique,4,0,36,0,9,8,2,1,2,0
1298140,SL v UAE,SL,UAE,UAE,1,Kashif Daud,1,0,14,0,14,0,2,0,0,0
1298140,SL v UAE,SL,UAE,UAE,1,Zahoor Khan,4,0,26,2,6.5,10,3,0,0,0
1298140,SL v UAE,SL,UAE,UAE,1,Aayan Afzal Khan,3,0,16,1,5.33,7,1,0,0,0
1298140,SL v UAE,SL,UAE,UAE,1,Aryan Lakra,3,0,24,1,8,5,3,0,0,0
1298140,SL v UAE,SL,UAE,UAE,1,Karthik Meiyappan,4,0,19,3,4.75,12,0,1,0,0
1298140,SL v UAE,SL,UAE,UAE,1,Basil Hameed,1,0,13,0,13,1,1,1,0,0
1298140,SL v UAE,SL,UAE,SL,2,Pramod Madushan,3,0,14,1,4.66,12,2,0,1,0
1298140,SL v UAE,SL,UAE,SL,2,Maheesh Theekshana,3.1,0,15,2,4.73,10,2,0,0,0
1298140,SL v UAE,SL,UAE,SL,2,Dushmantha Chameera,3.5,0,15,3,3.91,16,0,1,0,0
1298140,SL v UAE,SL,UAE,SL,2,Chamika Karunaratne,2,0,14,0,7,5,2,0,0,0
1298140,SL v UAE,SL,UAE,SL,2,Wanindu Hasaranga de Silva,4,1,8,3,2,17,0,0,0,0
1298140,SL v UAE,SL,UAE,SL,2,Dasun Shanaka,1.1,0,7,1,6,3,0,0,1,0
1298139,NAM v NED,NAM,NED,NED,1,Fred Klaassen,3,0,15,0,5,11,1,0,0,0
1298139,NAM v NED,NAM,NED,NED,1,Tim Pringle,3,0,15,1,5,8,0,0,0,0
1298139,NAM v NED,NAM,NED,NED,1,Bas de Leede,3,0,18,2,6,6,1,0,0,0
1298139,NAM v NED,NAM,NED,NED,1,Colin Ackermann,3,0,17,1,5.66,8,2,0,0,0
1298139,NAM v NED,NAM,NED,NED,1,Paul van Meekeren,4,0,18,1,4.5,11,1,0,1,0
1298139,NAM v NED,NAM,NED,NED,1,Timm van der Gugten,3,0,29,0,9.66,4,1,1,2,0
1298139,NAM v NED,NAM,NED,NED,1,Roelof van der Merwe,1,0,6,1,6,1,0,0,1,0
1298139,NAM v NED,NAM,NED,NAM,2,Bernard Scholtz,4,0,21,1,5.25,10,0,1,0,0
1298139,NAM v NED,NAM,NED,NAM,2,David Wiese,2.3,0,22,0,8.8,4,3,0,0,0
1298139,NAM v NED,NAM,NED,NAM,2,Gerhard Erasmus,3,0,13,0,4.33,8,0,0,1,0
1298139,NAM v NED,NAM,NED,NAM,2,Ben Shikongo,1,0,18,0,18,1,0,2,1,0
1298139,NAM v NED,NAM,NED,NAM,2,JJ Smit,4,0,24,2,6,9,2,0,0,0
1298139,NAM v NED,NAM,NED,NAM,2,Jan Frylinck,4,1,16,1,4,11,1,0,0,0
1298139,NAM v NED,NAM,NED,NAM,2,Jan Nicol Loftie-Eaton,1,0,8,0,8,2,1,0,0,1
1298138,IRE v ZIM,ZIM,IRE,IRE,1,Josh Little,4,0,24,3,6,11,3,0,0,0
1298138,IRE v ZIM,ZIM,IRE,IRE,1,Mark Adair,4,0,39,2,9.75,6,3,1,2,0
1298138,IRE v ZIM,ZIM,IRE,IRE,1,Barry McCarthy,4,0,24,0,6,11,2,0,2,0
1298138,IRE v ZIM,ZIM,IRE,IRE,1,Curtis Campher,3,0,29,0,9.66,6,2,2,0,0
1298138,IRE v ZIM,ZIM,IRE,IRE,1,Simi Singh,3,0,31,2,10.33,5,2,2,1,0
1298138,IRE v ZIM,ZIM,IRE,IRE,1,Gareth Delany,2,0,21,0,10.5,4,2,1,1,0
1298138,IRE v ZIM,ZIM,IRE,ZIM,2,Richard Ngarava,4,0,22,2,5.5,13,3,0,0,0
1298138,IRE v ZIM,ZIM,IRE,ZIM,2,Tendai Chatara,4,0,22,2,5.5,13,1,1,2,0
1298138,IRE v ZIM,ZIM,IRE,ZIM,2,Blessing Muzarabani,4,0,23,3,5.75,14,0,2,0,1
1298138,IRE v ZIM,ZIM,IRE,ZIM,2,Luke Jongwe,2,0,24,0,12,1,4,0,0,0
1298138,IRE v ZIM,ZIM,IRE,ZIM,2,Sean Williams,3,0,20,1,6.66,3,0,0,0,0
1298138,IRE v ZIM,ZIM,IRE,ZIM,2,Sikandar Raza,3,0,22,1,7.33,8,1,1,1,0
1298137,SCOT v WI,SCOT,WI,WI,1,Kyle Mayers,2,0,24,0,12,5,5,0,2,0
1298137,SCOT v WI,SCOT,WI,WI,1,Akeal Hosein,4,0,31,0,7.75,8,2,1,0,0
1298137,SCOT v WI,SCOT,WI,WI,1,Alzarri Joseph,4,0,28,2,7,9,3,0,2,0
1298137,SCOT v WI,SCOT,WI,WI,1,Obed McCoy,3,0,25,0,8.33,6,4,0,0,0
1298137,SCOT v WI,SCOT,WI,WI,1,Jason Holder,3,0,14,2,4.66,8,1,0,0,0
1298137,SCOT v WI,SCOT,WI,WI,1,Odean Smith,4,0,31,1,7.75,6,3,0,1,0
1298137,SCOT v WI,SCOT,WI,SCOT,2,Mark Watt,4,0,12,3,3,16,1,0,1,0
1298137,SCOT v WI,SCOT,WI,SCOT,2,Brad Wheal,4,0,32,2,8,10,4,1,0,0
1298137,SCOT v WI,SCOT,WI,SCOT,2,Josh Davey,3,0,34,1,11.33,8,4,2,1,0
1298137,SCOT v WI,SCOT,WI,SCOT,2,Safyaan Sharif,3.3,0,23,1,6.57,7,2,0,2,0
1298137,SCOT v WI,SCOT,WI,SCOT,2,Michael Leask,4,0,15,2,3.75,11,0,0,1,0
1298136,NED v UAE,UAE,NED,NED,1,Fred Klaassen,4,0,13,2,3.25,18,0,0,3,0
1298136,NED v UAE,UAE,NED,NED,1,Tim Pringle,4,0,13,1,3.25,11,0,0,0,0
1298136,NED v UAE,UAE,NED,NED,1,Logan van Beek,2,0,19,0,9.5,5,0,2,1,0
1298136,NED v UAE,UAE,NED,NED,1,Bas de Leede,3,0,19,3,6.33,9,2,0,2,0
1298136,NED v UAE,UAE,NED,NED,1,Paul van Meekeren,4,0,21,0,5.25,11,1,0,0,0
1298136,NED v UAE,UAE,NED,NED,1,Roelof van der Merwe,3,0,19,1,6.33,7,0,1,0,0
1298136,NED v UAE,UAE,NED,UAE,2,Junaid Siddique,4,0,24,3,6,10,2,0,1,0
1298136,NED v UAE,UAE,NED,UAE,2,Basil Hameed,1,0,7,1,7,4,0,1,0,0
1298136,NED v UAE,UAE,NED,UAE,2,Aayan Afzal Khan,3,0,15,1,5,8,1,0,0,0
1298136,NED v UAE,UAE,NED,UAE,2,Karthik Meiyappan,4,0,22,1,5.5,11,2,0,0,0
1298136,NED v UAE,UAE,NED,UAE,2,Zahoor Khan,4,0,11,1,2.75,14,0,0,0,0
1298136,NED v UAE,UAE,NED,UAE,2,Zawar Farid,2.5,0,24,0,8.47,2,2,0,0,0
1298136,NED v UAE,UAE,NED,UAE,2,Kashif Daud,1,0,5,0,5,1,0,0,0,0
1298135,NAM v SL,NAM,SL,SL,1,Maheesh Theekshana,4,0,23,1,5.75,7,0,0,2,0
1298135,NAM v SL,NAM,SL,SL,1,Dushmantha Chameera,4,0,39,1,9.75,6,3,1,2,0
1298135,NAM v SL,NAM,SL,SL,1,Pramod Madushan,4,0,37,2,9.25,6,3,1,0,0
1298135,NAM v SL,NAM,SL,SL,1,Chamika Karunaratne,4,0,36,1,9,7,3,1,1,0
1298135,NAM v SL,NAM,SL,SL,1,Wanindu Hasaranga de Silva,4,0,27,1,6.75,8,1,1,0,0
1298135,NAM v SL,NAM,SL,NAM,2,Gerhard Erasmus,1,0,8,0,8,1,1,0,0,0
1298135,NAM v SL,NAM,SL,NAM,2,David Wiese,4,0,16,2,4,13,1,0,0,0
1298135,NAM v SL,NAM,SL,NAM,2,Bernard Scholtz,4,0,18,2,4.5,10,1,0,0,0
1298135,NAM v SL,NAM,SL,NAM,2,Ben Shikongo,3,1,22,2,7.33,6,3,0,0,0
1298135,NAM v SL,NAM,SL,NAM,2,JJ Smit,3,0,16,1,5.33,7,0,0,1,0
1298135,NAM v SL,NAM,SL,NAM,2,Jan Frylinck,4,0,26,2,6.5,10,0,2,1,0
