,match_id,match_name,home_team,away_team,current_innings,innings_id,fullName,runs,ballsFaced,minutes,fours,sixes,strikeRate,isNotOut,position
0,1298179,ENG v PAK,PAK,ENG,PAK,1,Mohammad Rizwan,15,14,24,0,1,107.14,False,1
1,1298179,ENG v PAK,PAK,ENG,PAK,1,Babar Azam,32,28,58,2,0,114.28,False,2
2,1298179,ENG v PAK,PAK,ENG,PAK,1,Mohammad Haris,8,12,15,1,0,66.66,False,3
3,1298179,ENG v PAK,PAK,ENG,PAK,1,Shan Masood,38,28,46,2,1,135.71,False,4
4,1298179,ENG v PAK,PAK,ENG,PAK,1,Iftikhar Ahmed,0,6,8,0,0,0,False,5
5,1298179,ENG v PAK,PAK,ENG,PAK,1,Shadab Khan,20,14,26,2,0,142.85,False,6
6,1298179,ENG v PAK,PAK,ENG,PAK,1,Mohammad Nawaz,5,7,11,0,0,71.42,False,7
7,1298179,ENG v PAK,PAK,ENG,PAK,1,Mohammad Wasim,4,8,12,0,0,50,False,8
8,1298179,ENG v PAK,PAK,ENG,PAK,1,Shaheen Shah Afridi,5,3,8,1,0,166.66,True,9
9,1298179,ENG v PAK,PAK,ENG,PAK,1,Haris Rauf,1,1,3,0,0,100,True,10
10,1298179,ENG v PAK,PAK,ENG,ENG,2,Jos Buttler,26,17,33,3,1,152.94,False,1
11,1298179,ENG v PAK,PAK,ENG,ENG,2,Alex Hales,1,2,6,0,0,50,False,2
12,1298179,ENG v PAK,PAK,ENG,ENG,2,Phil Salt,10,9,16,2,0,111.11,False,3
13,1298179,ENG v PAK,PAK,ENG,ENG,2,Ben Stokes,52,49,81,5,1,106.12,True,4
14,1298179,ENG v PAK,PAK,ENG,ENG,2,Harry Brook,20,23,36,1,0,86.95,False,5
15,1298179,ENG v PAK,PAK,ENG,ENG,2,Moeen Ali,19,12,30,3,0,158.33,False,6
16,1298179,ENG v PAK,PAK,ENG,ENG,2,Liam Livingstone,1,2,3,0,0,50,True,7
17,1298178,ENG v INDIA,INDIA,ENG,INDIA,1,KL Rahul,5,5,8,1,0,100,False,1
18,1298178,ENG v INDIA,INDIA,ENG,INDIA,1,Rohit Sharma,27,28,37,4,0,96.42,False,2
19,1298178,ENG v INDIA,INDIA,ENG,INDIA,1,Virat Kohli,50,40,75,4,1,125,False,3
20,1298178,ENG v INDIA,INDIA,ENG,INDIA,1,Suryakumar Yadav,14,10,14,1,1,140,False,4
21,1298178,ENG v INDIA,INDIA,ENG,INDIA,1,Hardik Pandya,63,33,47,4,5,190.9,False,5
22,1298178,ENG v INDIA,INDIA,ENG,INDIA,1,Rishabh Pant,6,4,13,1,0,150,False,6
23,1298178,ENG v INDIA,INDIA,ENG,INDIA,1,Ravichandran Ashwin,0,0,4,0,0,-,True,7
24,1298178,ENG v INDIA,INDIA,ENG,ENG,2,Jos Buttler,80,49,74,9,3,163.26,True,1
25,1298178,ENG v INDIA,INDIA,ENG,ENG,2,Alex Hales,86,47,74,4,7,182.97,True,2
26,1298177,NZ v PAK,NZ,PAK,NZ,1,Finn Allen,4,3,6,1,0,133.33,False,1
27,1298177,NZ v PAK,NZ,PAK,NZ,1,Devon Conway,21,20,35,3,0,105,False,2
28,1298177,NZ v PAK,NZ,PAK,NZ,1,Kane Williamson,46,42,81,1,1,109.52,False,3
29,1298177,NZ v PAK,NZ,PAK,NZ,1,Glenn Phillips,6,8,9,1,0,75,False,4
30,1298177,NZ v PAK,NZ,PAK,NZ,1,Daryl Mitchell,53,35,60,3,1,151.42,True,5
31,1298177,NZ v PAK,NZ,PAK,NZ,1,James Neesham,16,12,19,1,0,133.33,True,6
32,1298177,NZ v PAK,NZ,PAK,PAK,2,Mohammad Rizwan,57,43,77,5,0,132.55,False,1
33,1298177,NZ v PAK,NZ,PAK,PAK,2,Babar Azam,53,42,56,7,0,126.19,False,2
34,1298177,NZ v PAK,NZ,PAK,PAK,2,Mohammad Haris,30,26,32,2,1,115.38,False,3
35,1298177,NZ v PAK,NZ,PAK,PAK,2,Shan Masood,3,4,13,0,0,75,True,4
36,1298177,NZ v PAK,NZ,PAK,PAK,2,Iftikhar Ahmed,0,0,3,0,0,-,True,5
37,1298176,INDIA v ZIM,INDIA,ZIM,INDIA,1,KL Rahul,51,35,59,3,3,145.71,False,1
38,1298176,INDIA v ZIM,INDIA,ZIM,INDIA,1,Rohit Sharma,15,13,20,2,0,115.38,False,2
39,1298176,INDIA v ZIM,INDIA,ZIM,INDIA,1,Virat Kohli,26,25,36,2,0,104,False,3
40,1298176,INDIA v ZIM,INDIA,ZIM,INDIA,1,Suryakumar Yadav,61,25,44,6,4,244,True,4
41,1298176,INDIA v ZIM,INDIA,ZIM,INDIA,1,Rishabh Pant,3,5,7,0,0,60,False,5
42,1298176,INDIA v ZIM,INDIA,ZIM,INDIA,1,Hardik Pandya,18,18,29,2,0,100,False,6
43,1298176,INDIA v ZIM,INDIA,ZIM,INDIA,1,Axar Patel,0,0,6,0,0,-,True,7
44,1298176,INDIA v ZIM,INDIA,ZIM,ZIM,2,Wessly Madhevere,0,1,1,0,0,0,False,1
45,1298176,INDIA v ZIM,INDIA,ZIM,ZIM,2,Craig Ervine,13,15,37,2,0,86.66,False,2
46,1298176,INDIA v ZIM,INDIA,ZIM,ZIM,2,Regis Chakabva,0,6,9,0,0,0,False,3
47,1298176,INDIA v ZIM,INDIA,ZIM,ZIM,2,Sean Williams,11,18,22,0,1,61.11,False,4
48,1298176,INDIA v ZIM,INDIA,ZIM,ZIM,2,Sikandar Raza,34,24,53,3,0,141.66,False,5
49,1298176,INDIA v ZIM,INDIA,ZIM,ZIM,2,Tony Munyonga,5,4,6,1,0,125,False,6
50,1298176,INDIA v ZIM,INDIA,ZIM,ZIM,2,Ryan Burl,35,22,27,5,1,159.09,False,7
51,1298176,INDIA v ZIM,INDIA,ZIM,ZIM,2,Wellington Masakadza,1,7,8,0,0,14.28,False,8
52,1298176,INDIA v ZIM,INDIA,ZIM,ZIM,2,Richard Ngarava,1,2,4,0,0,50,False,9
53,1298176,INDIA v ZIM,INDIA,ZIM,ZIM,2,Tendai Chatara,4,4,11,1,0,100,False,10
54,1298176,INDIA v ZIM,INDIA,ZIM,ZIM,2,Blessing Muzarabani,0,2,5,0,0,0,True,11
55,1298175,BAN v PAK,BAN,PAK,BAN,1,Najmul Hossain Shanto,54,48,66,7,0,112.5,False,1
56,1298175,BAN v PAK,BAN,PAK,BAN,1,Litton Das,10,8,15,0,1,125,False,2
57,1298175,BAN v PAK,BAN,PAK,BAN,1,Soumya Sarkar,20,17,38,1,1,117.64,False,3
58,1298175,BAN v PAK,BAN,PAK,BAN,1,Shakib Al Hasan,0,1,4,0,0,0,False,4
59,1298175,BAN v PAK,BAN,PAK,BAN,1,Afif Hossain,24,20,47,3,0,120,True,5
60,1298175,BAN v PAK,BAN,PAK,BAN,1,Mosaddek Hossain,5,11,17,0,0,45.45,False,6
61,1298175,BAN v PAK,BAN,PAK,BAN,1,Nurul Hasan,0,3,4,0,0,0,False,7
62,1298175,BAN v PAK,BAN,PAK,BAN,1,Taskin Ahmed,1,5,8,0,0,20,False,8
63,1298175,BAN v PAK,BAN,PAK,BAN,1,Nasum Ahmed,7,6,9,1,0,116.66,False,9
64,1298175,BAN v PAK,BAN,PAK,BAN,1,Mustafizur Rahman,0,1,1,0,0,0,True,10
65,1298175,BAN v PAK,BAN,PAK,PAK,2,Mohammad Rizwan,32,32,51,2,1,100,False,1
66,1298175,BAN v PAK,BAN,PAK,PAK,2,Babar Azam,25,33,46,2,0,75.75,False,2
67,1298175,BAN v PAK,BAN,PAK,PAK,2,Mohammad Nawaz,4,11,27,0,0,36.36,False,3
68,1298175,BAN v PAK,BAN,PAK,PAK,2,Mohammad Haris,31,18,31,1,2,172.22,False,4
69,1298175,BAN v PAK,BAN,PAK,PAK,2,Shan Masood,24,14,20,2,0,171.42,True,5
70,1298175,BAN v PAK,BAN,PAK,PAK,2,Iftikhar Ahmed,1,3,8,0,0,33.33,False,6
71,1298175,BAN v PAK,BAN,PAK,PAK,2,Shadab Khan,0,0,2,0,0,-,True,7
72,1298174,NED v SA,NED,SA,NED,1,Stephan Myburgh,37,30,41,7,0,123.33,False,1
73,1298174,NED v SA,NED,SA,NED,1,Max O'Dowd,29,31,61,1,1,93.54,False,2
74,1298174,NED v SA,NED,SA,NED,1,Tom Cooper,35,19,30,2,2,184.21,False,3
75,1298174,NED v SA,NED,SA,NED,1,Colin Ackermann,41,26,31,3,2,157.69,True,4
76,1298174,NED v SA,NED,SA,NED,1,Bas de Leede,1,7,11,0,0,14.28,False,5
77,1298174,NED v SA,NED,SA,NED,1,Scott Edwards,12,7,11,2,0,171.42,True,6
78,1298174,NED v SA,NED,SA,SA,2,Quinton de Kock,13,13,12,1,1,100,False,1
79,1298174,NED v SA,NED,SA,SA,2,Temba Bavuma,20,20,26,2,0,100,False,2
80,1298174,NED v SA,NED,SA,SA,2,Rilee Rossouw,25,19,29,2,0,131.57,False,3
81,1298174,NED v SA,NED,SA,SA,2,Aiden Markram,17,13,30,2,0,130.76,False,4
82,1298174,NED v SA,NED,SA,SA,2,David Miller,17,17,28,1,0,100,False,5
83,1298174,NED v SA,NED,SA,SA,2,Heinrich Klaasen,21,18,27,0,1,116.66,False,6
84,1298174,NED v SA,NED,SA,SA,2,Wayne Parnell,0,2,3,0,0,0,False,7
85,1298174,NED v SA,NED,SA,SA,2,Keshav Maharaj,13,12,20,0,1,108.33,False,8
86,1298174,NED v SA,NED,SA,SA,2,Kagiso Rabada,9,8,13,0,0,112.5,True,9
87,1298174,NED v SA,NED,SA,SA,2,Anrich Nortje,4,1,2,1,0,400,True,10
88,1298173,ENG v SL,SL,ENG,SL,1,Pathum Nissanka,67,45,70,2,5,148.88,False,1
89,1298173,ENG v SL,SL,ENG,SL,1,Kusal Mendis,18,14,21,1,1,128.57,False,2
90,1298173,ENG v SL,SL,ENG,SL,1,Dhananjaya de Silva,9,11,17,0,0,81.81,False,3
91,1298173,ENG v SL,SL,ENG,SL,1,Charith Asalanka,8,9,15,0,0,88.88,False,4
92,1298173,ENG v SL,SL,ENG,SL,1,Bhanuka Rajapaksa,22,22,41,3,0,100,False,5
93,1298173,ENG v SL,SL,ENG,SL,1,Dasun Shanaka,3,8,12,0,0,37.5,False,6
94,1298173,ENG v SL,SL,ENG,SL,1,Wanindu Hasaranga de Silva,9,9,13,1,0,100,False,7
95,1298173,ENG v SL,SL,ENG,SL,1,Chamika Karunaratne,0,2,3,0,0,0,False,8
96,1298173,ENG v SL,SL,ENG,SL,1,Maheesh Theekshana,0,0,2,0,0,-,True,9
97,1298173,ENG v SL,SL,ENG,ENG,2,Jos Buttler,28,23,35,2,1,121.73,False,1
98,1298173,ENG v SL,SL,ENG,ENG,2,Alex Hales,47,30,42,7,1,156.66,False,2
99,1298173,ENG v SL,SL,ENG,ENG,2,Ben Stokes,42,36,59,2,0,116.66,True,3
100,1298173,ENG v SL,SL,ENG,ENG,2,Harry Brook,4,5,9,0,0,80,False,4
101,1298173,ENG v SL,SL,ENG,ENG,2,Liam Livingstone,4,6,10,0,0,66.66,False,5
102,1298173,ENG v SL,SL,ENG,ENG,2,Moeen Ali,1,5,8,0,0,20,False,6
103,1298173,ENG v SL,SL,ENG,ENG,2,Sam Curran,6,11,16,0,0,54.54,False,7
104,1298173,ENG v SL,SL,ENG,ENG,2,Chris Woakes,5,3,11,1,0,166.66,True,8
105,1298172,AUS v AFG,AUS,AFG,AUS,1,David Warner,25,18,28,5,0,138.88,False,1
106,1298172,AUS v AFG,AUS,AFG,AUS,1,Cameron Green,3,2,12,0,0,150,False,2
107,1298172,AUS v AFG,AUS,AFG,AUS,1,Mitchell Marsh,45,30,42,3,2,150,False,3
108,1298172,AUS v AFG,AUS,AFG,AUS,1,Steven Smith,4,4,6,1,0,100,False,4
109,1298172,AUS v AFG,AUS,AFG,AUS,1,Marcus Stoinis,25,21,41,0,2,119.04,False,5
110,1298172,AUS v AFG,AUS,AFG,AUS,1,Glenn Maxwell,54,32,46,6,2,168.75,True,6
111,1298172,AUS v AFG,AUS,AFG,AUS,1,Matthew Wade,6,8,14,1,0,75,False,7
112,1298172,AUS v AFG,AUS,AFG,AUS,1,Pat Cummins,0,2,4,0,0,0,False,8
113,1298172,AUS v AFG,AUS,AFG,AUS,1,Kane Richardson,1,1,6,0,0,100,False,9
114,1298172,AUS v AFG,AUS,AFG,AUS,1,Adam Zampa,1,1,5,0,0,100,True,10
115,1298172,AUS v AFG,AUS,AFG,AFG,2,Rahmanullah Gurbaz,30,17,31,2,2,176.47,False,1
116,1298172,AUS v AFG,AUS,AFG,AFG,2,Usman Ghani,2,7,16,0,0,28.57,False,2
117,1298172,AUS v AFG,AUS,AFG,AFG,2,Ibrahim Zadran,26,33,55,2,0,78.78,False,3
118,1298172,AUS v AFG,AUS,AFG,AFG,2,Gulbadin Naib,39,23,38,3,2,169.56,False,4
119,1298172,AUS v AFG,AUS,AFG,AFG,2,Mohammad Nabi,1,2,10,0,0,50,False,5
120,1298172,AUS v AFG,AUS,AFG,AFG,2,Najibullah Zadran,0,2,3,0,0,0,False,6
121,1298172,AUS v AFG,AUS,AFG,AFG,2,Darwish Rasooli,15,13,28,1,0,115.38,False,7
122,1298172,AUS v AFG,AUS,AFG,AFG,2,Rashid Khan,48,23,27,3,4,208.69,True,8
123,1298172,AUS v AFG,AUS,AFG,AFG,2,Naveen-ul-Haq,0,0,4,0,0,-,True,9
124,1298171,IRE v NZ,NZ,IRE,NZ,1,Finn Allen,32,18,30,5,1,177.77,False,1
125,1298171,IRE v NZ,NZ,IRE,NZ,1,Devon Conway,28,33,55,2,0,84.84,False,2
126,1298171,IRE v NZ,NZ,IRE,NZ,1,Kane Williamson,61,35,59,5,3,174.28,False,3
127,1298171,IRE v NZ,NZ,IRE,NZ,1,Glenn Phillips,17,9,9,2,1,188.88,False,4
128,1298171,IRE v NZ,NZ,IRE,NZ,1,Daryl Mitchell,31,21,35,2,0,147.61,True,5
129,1298171,IRE v NZ,NZ,IRE,NZ,1,James Neesham,0,1,3,0,0,0,False,6
130,1298171,IRE v NZ,NZ,IRE,NZ,1,Mitchell Santner,0,1,2,0,0,0,False,7
131,1298171,IRE v NZ,NZ,IRE,NZ,1,Tim Southee,1,2,7,0,0,50,True,8
132,1298171,IRE v NZ,NZ,IRE,IRE,2,Paul Stirling,37,27,39,3,1,137.03,False,1
133,1298171,IRE v NZ,NZ,IRE,IRE,2,Andy Balbirnie,30,25,36,0,3,120,False,2
134,1298171,IRE v NZ,NZ,IRE,IRE,2,Lorcan Tucker,13,14,30,0,0,92.85,False,3
135,1298171,IRE v NZ,NZ,IRE,IRE,2,Harry Tector,2,7,4,0,0,28.57,False,4
136,1298171,IRE v NZ,NZ,IRE,IRE,2,Gareth Delany,10,8,12,2,0,125,False,5
137,1298171,IRE v NZ,NZ,IRE,IRE,2,George Dockrell,23,15,24,3,0,153.33,False,6
138,1298171,IRE v NZ,NZ,IRE,IRE,2,Curtis Campher,7,7,10,1,0,100,False,7
139,1298171,IRE v NZ,NZ,IRE,IRE,2,Fionn Hand,5,3,7,1,0,166.66,False,8
140,1298171,IRE v NZ,NZ,IRE,IRE,2,Mark Adair,4,5,9,0,0,80,False,9
141,1298171,IRE v NZ,NZ,IRE,IRE,2,Barry McCarthy,6,5,10,0,0,120,True,10
142,1298171,IRE v NZ,NZ,IRE,IRE,2,Josh Little,8,4,3,0,1,200,True,11
143,1298170,PAK v SA,PAK,SA,PAK,1,Mohammad Rizwan,4,4,4,1,0,100,False,1
144,1298170,PAK v SA,PAK,SA,PAK,1,Babar Azam,6,15,29,0,0,40,False,2
145,1298170,PAK v SA,PAK,SA,PAK,1,Mohammad Haris,28,11,19,2,3,254.54,False,3
146,1298170,PAK v SA,PAK,SA,PAK,1,Shan Masood,2,6,11,0,0,33.33,False,4
147,1298170,PAK v SA,PAK,SA,PAK,1,Iftikhar Ahmed,51,35,73,3,2,145.71,False,5
148,1298170,PAK v SA,PAK,SA,PAK,1,Mohammad Nawaz,28,22,32,4,1,127.27,False,6
149,1298170,PAK v SA,PAK,SA,PAK,1,Shadab Khan,52,22,31,3,4,236.36,False,7
150,1298170,PAK v SA,PAK,SA,PAK,1,Mohammad Wasim,0,1,1,0,0,0,False,8
151,1298170,PAK v SA,PAK,SA,PAK,1,Naseem Shah,5,3,3,0,0,166.66,True,9
152,1298170,PAK v SA,PAK,SA,PAK,1,Haris Rauf,3,2,2,0,0,150,False,10
153,1298170,PAK v SA,PAK,SA,SA,2,Temba Bavuma,36,19,39,4,1,189.47,False,1
154,1298170,PAK v SA,PAK,SA,SA,2,Quinton de Kock,0,5,6,0,0,0,False,2
155,1298170,PAK v SA,PAK,SA,SA,2,Rilee Rossouw,7,6,10,0,1,116.66,False,3
156,1298170,PAK v SA,PAK,SA,SA,2,Aiden Markram,20,14,28,4,0,142.85,False,4
157,1298170,PAK v SA,PAK,SA,SA,2,Heinrich Klaasen,15,9,18,3,0,166.66,False,5
158,1298170,PAK v SA,PAK,SA,SA,2,Tristan Stubbs,18,18,28,0,1,100,False,6
159,1298170,PAK v SA,PAK,SA,SA,2,Wayne Parnell,3,4,9,0,0,75,False,7
160,1298170,PAK v SA,PAK,SA,SA,2,Kagiso Rabada,1,2,11,0,0,50,False,8
161,1298170,PAK v SA,PAK,SA,SA,2,Anrich Nortje,1,5,8,0,0,20,False,9
162,1298170,PAK v SA,PAK,SA,SA,2,Lungi Ngidi,4,1,5,1,0,400,True,10
163,1298170,PAK v SA,PAK,SA,SA,2,Tabraiz Shamsi,1,1,3,0,0,100,True,11
164,1298169,BAN v INDIA,INDIA,BAN,INDIA,1,KL Rahul,50,32,49,3,4,156.25,False,1
165,1298169,BAN v INDIA,INDIA,BAN,INDIA,1,Rohit Sharma,2,8,18,0,0,25,False,2
166,1298169,BAN v INDIA,INDIA,BAN,INDIA,1,Virat Kohli,64,44,84,8,1,145.45,True,3
167,1298169,BAN v INDIA,INDIA,BAN,INDIA,1,Suryakumar Yadav,30,16,18,4,0,187.5,False,4
168,1298169,BAN v INDIA,INDIA,BAN,INDIA,1,Hardik Pandya,5,6,8,0,0,83.33,False,5
169,1298169,BAN v INDIA,INDIA,BAN,INDIA,1,Dinesh Karthik,7,5,12,1,0,140,False,6
170,1298169,BAN v INDIA,INDIA,BAN,INDIA,1,Axar Patel,7,6,6,1,0,116.66,False,7
171,1298169,BAN v INDIA,INDIA,BAN,INDIA,1,Ravichandran Ashwin,13,6,9,1,1,216.66,True,8
172,1298169,BAN v INDIA,INDIA,BAN,BAN,2,Najmul Hossain Shanto,21,25,50,1,1,84,False,1
173,1298169,BAN v INDIA,INDIA,BAN,BAN,2,Litton Das,60,27,40,7,3,222.22,False,2
174,1298169,BAN v INDIA,INDIA,BAN,BAN,2,Shakib Al Hasan,13,12,24,2,0,108.33,False,3
175,1298169,BAN v INDIA,INDIA,BAN,BAN,2,Afif Hossain,3,5,12,0,0,60,False,4
176,1298169,BAN v INDIA,INDIA,BAN,BAN,2,Yasir Ali,1,3,8,0,0,33.33,False,5
177,1298169,BAN v INDIA,INDIA,BAN,BAN,2,Nurul Hasan,25,14,29,2,1,178.57,True,6
178,1298169,BAN v INDIA,INDIA,BAN,BAN,2,Mosaddek Hossain,6,3,4,0,1,200,False,7
179,1298169,BAN v INDIA,INDIA,BAN,BAN,2,Taskin Ahmed,12,7,22,1,1,171.42,True,8
180,1298168,NED v ZIM,ZIM,NED,ZIM,1,Wessly Madhevere,1,5,9,0,0,20,False,1
181,1298168,NED v ZIM,ZIM,NED,ZIM,1,Craig Ervine,3,12,18,0,0,25,False,2
182,1298168,NED v ZIM,ZIM,NED,ZIM,1,Regis Chakabva,5,16,18,1,0,31.25,False,3
183,1298168,NED v ZIM,ZIM,NED,ZIM,1,Sean Williams,28,23,39,3,0,121.73,False,4
184,1298168,NED v ZIM,ZIM,NED,ZIM,1,Sikandar Raza,40,24,46,3,3,166.66,False,5
185,1298168,NED v ZIM,ZIM,NED,ZIM,1,Milton Shumba,2,3,6,0,0,66.66,False,6
186,1298168,NED v ZIM,ZIM,NED,ZIM,1,Ryan Burl,2,7,19,0,0,28.57,False,7
187,1298168,NED v ZIM,ZIM,NED,ZIM,1,Luke Jongwe,6,8,12,0,0,75,False,8
188,1298168,NED v ZIM,ZIM,NED,ZIM,1,Richard Ngarava,9,7,12,0,1,128.57,False,9
189,1298168,NED v ZIM,ZIM,NED,ZIM,1,Tendai Chatara,6,7,15,0,0,85.71,True,10
190,1298168,NED v ZIM,ZIM,NED,ZIM,1,Blessing Muzarabani,1,4,9,0,0,25,False,11
191,1298168,NED v ZIM,ZIM,NED,NED,2,Stephan Myburgh,8,7,15,0,1,114.28,False,1
192,1298168,NED v ZIM,ZIM,NED,NED,2,Max O'Dowd,52,47,70,8,1,110.63,False,2
193,1298168,NED v ZIM,ZIM,NED,NED,2,Tom Cooper,32,29,42,2,1,110.34,False,3
194,1298168,NED v ZIM,ZIM,NED,NED,2,Colin Ackermann,1,5,6,0,0,20,False,4
195,1298168,NED v ZIM,ZIM,NED,NED,2,Bas de Leede,12,12,21,2,0,100,True,5
196,1298168,NED v ZIM,ZIM,NED,NED,2,Scott Edwards,5,6,8,1,0,83.33,False,6
197,1298168,NED v ZIM,ZIM,NED,NED,2,Roelof van der Merwe,0,3,6,0,0,0,True,7
198,1298167,ENG v NZ,ENG,NZ,ENG,1,Jos Buttler,73,47,82,7,2,155.31,False,1
199,1298167,ENG v NZ,ENG,NZ,ENG,1,Alex Hales,52,40,46,7,1,130,False,2
200,1298167,ENG v NZ,ENG,NZ,ENG,1,Moeen Ali,5,6,13,0,0,83.33,False,3
201,1298167,ENG v NZ,ENG,NZ,ENG,1,Liam Livingstone,20,14,20,1,1,142.85,False,4
202,1298167,ENG v NZ,ENG,NZ,ENG,1,Harry Brook,7,3,6,0,1,233.33,False,5
203,1298167,ENG v NZ,ENG,NZ,ENG,1,Ben Stokes,8,7,11,0,0,114.28,False,6
204,1298167,ENG v NZ,ENG,NZ,ENG,1,Sam Curran,6,3,7,0,1,200,True,7
205,1298167,ENG v NZ,ENG,NZ,ENG,1,Dawid Malan,3,1,1,0,0,300,True,8
206,1298167,ENG v NZ,ENG,NZ,NZ,2,Finn Allen,16,11,25,0,1,145.45,False,1
207,1298167,ENG v NZ,ENG,NZ,NZ,2,Devon Conway,3,9,12,0,0,33.33,False,2
208,1298167,ENG v NZ,ENG,NZ,NZ,2,Kane Williamson,40,40,57,3,0,100,False,3
209,1298167,ENG v NZ,ENG,NZ,NZ,2,Glenn Phillips,62,36,64,4,3,172.22,False,4
210,1298167,ENG v NZ,ENG,NZ,NZ,2,James Neesham,6,3,7,1,0,200,False,5
211,1298167,ENG v NZ,ENG,NZ,NZ,2,Daryl Mitchell,3,5,10,0,0,60,False,6
212,1298167,ENG v NZ,ENG,NZ,NZ,2,Mitchell Santner,16,10,19,0,1,160,True,7
213,1298167,ENG v NZ,ENG,NZ,NZ,2,Ish Sodhi,6,6,4,0,0,100,True,8
214,1298166,AFG v SL,AFG,SL,AFG,1,Rahmanullah Gurbaz,28,24,33,2,2,116.66,False,1
215,1298166,AFG v SL,AFG,SL,AFG,1,Usman Ghani,27,27,54,2,1,100,False,2
216,1298166,AFG v SL,AFG,SL,AFG,1,Ibrahim Zadran,22,18,35,1,1,122.22,False,3
217,1298166,AFG v SL,AFG,SL,AFG,1,Najibullah Zadran,18,16,29,1,0,112.5,False,4
218,1298166,AFG v SL,AFG,SL,AFG,1,Gulbadin Naib,12,14,25,0,0,85.71,False,5
219,1298166,AFG v SL,AFG,SL,AFG,1,Mohammad Nabi,13,8,15,1,0,162.5,False,6
220,1298166,AFG v SL,AFG,SL,AFG,1,Rashid Khan,9,8,10,1,0,112.5,False,7
221,1298166,AFG v SL,AFG,SL,AFG,1,Azmatullah Omarzai,3,4,3,0,0,75,True,8
222,1298166,AFG v SL,AFG,SL,AFG,1,Mujeeb Ur Rahman,1,2,1,0,0,50,False,9
223,1298166,AFG v SL,AFG,SL,SL,2,Pathum Nissanka,10,10,10,2,0,100,False,1
224,1298166,AFG v SL,AFG,SL,SL,2,Kusal Mendis,25,27,33,2,1,92.59,False,2
225,1298166,AFG v SL,AFG,SL,SL,2,Dhananjaya de Silva,66,42,78,6,2,157.14,True,3
226,1298166,AFG v SL,AFG,SL,SL,2,Charith Asalanka,19,18,27,1,0,105.55,False,4
227,1298166,AFG v SL,AFG,SL,SL,2,Bhanuka Rajapaksa,18,14,24,3,0,128.57,False,5
228,1298166,AFG v SL,AFG,SL,SL,2,Dasun Shanaka,0,0,4,0,0,-,True,6
229,1298165,AUS v IRE,AUS,IRE,AUS,1,David Warner,3,7,13,0,0,42.85,False,1
230,1298165,AUS v IRE,AUS,IRE,AUS,1,Aaron Finch,63,44,87,5,3,143.18,False,2
231,1298165,AUS v IRE,AUS,IRE,AUS,1,Mitchell Marsh,28,22,28,2,2,127.27,False,3
232,1298165,AUS v IRE,AUS,IRE,AUS,1,Glenn Maxwell,13,9,18,0,1,144.44,False,4
233,1298165,AUS v IRE,AUS,IRE,AUS,1,Marcus Stoinis,35,25,41,3,1,140,False,5
234,1298165,AUS v IRE,AUS,IRE,AUS,1,Tim David,15,10,15,2,0,150,True,6
235,1298165,AUS v IRE,AUS,IRE,AUS,1,Matthew Wade,7,3,7,1,0,233.33,True,7
236,1298165,AUS v IRE,AUS,IRE,IRE,2,Paul Stirling,11,7,11,1,1,157.14,False,1
237,1298165,AUS v IRE,AUS,IRE,IRE,2,Andy Balbirnie,6,7,11,0,1,85.71,False,2
238,1298165,AUS v IRE,AUS,IRE,IRE,2,Lorcan Tucker,71,48,81,9,1,147.91,True,3
239,1298165,AUS v IRE,AUS,IRE,IRE,2,Harry Tector,6,4,3,1,0,150,False,4
240,1298165,AUS v IRE,AUS,IRE,IRE,2,Curtis Campher,0,1,5,0,0,0,False,5
241,1298165,AUS v IRE,AUS,IRE,IRE,2,George Dockrell,0,4,4,0,0,0,False,6
242,1298165,AUS v IRE,AUS,IRE,IRE,2,Gareth Delany,14,10,27,2,0,140,False,7
243,1298165,AUS v IRE,AUS,IRE,IRE,2,Mark Adair,11,11,13,1,0,100,False,8
244,1298165,AUS v IRE,AUS,IRE,IRE,2,Fionn Hand,6,6,10,1,0,100,False,9
245,1298165,AUS v IRE,AUS,IRE,IRE,2,Barry McCarthy,3,7,16,0,0,42.85,False,10
246,1298165,AUS v IRE,AUS,IRE,IRE,2,Josh Little,1,5,6,0,0,20,False,11
247,1298164,INDIA v SA,INDIA,SA,INDIA,1,KL Rahul,9,14,25,0,1,64.28,False,1
248,1298164,INDIA v SA,INDIA,SA,INDIA,1,Rohit Sharma,15,14,22,1,1,107.14,False,2
249,1298164,INDIA v SA,INDIA,SA,INDIA,1,Virat Kohli,12,11,13,2,0,109.09,False,3
250,1298164,INDIA v SA,INDIA,SA,INDIA,1,Suryakumar Yadav,68,40,68,6,3,170,False,4
251,1298164,INDIA v SA,INDIA,SA,INDIA,1,Deepak Hooda,0,3,4,0,0,0,False,5
252,1298164,INDIA v SA,INDIA,SA,INDIA,1,Hardik Pandya,2,3,6,0,0,66.66,False,6
253,1298164,INDIA v SA,INDIA,SA,INDIA,1,Dinesh Karthik,6,15,33,0,0,40,False,7
254,1298164,INDIA v SA,INDIA,SA,INDIA,1,Ravichandran Ashwin,7,11,15,0,0,63.63,False,8
255,1298164,INDIA v SA,INDIA,SA,INDIA,1,Bhuvneshwar Kumar,4,6,9,0,0,66.66,True,9
256,1298164,INDIA v SA,INDIA,SA,INDIA,1,Mohammed Shami,0,2,5,0,0,0,False,10
257,1298164,INDIA v SA,INDIA,SA,INDIA,1,Arshdeep Singh,2,1,2,0,0,200,True,11
258,1298164,INDIA v SA,INDIA,SA,SA,2,Quinton de Kock,1,3,7,0,0,33.33,False,1
259,1298164,INDIA v SA,INDIA,SA,SA,2,Temba Bavuma,10,15,30,0,1,66.66,False,2
260,1298164,INDIA v SA,INDIA,SA,SA,2,Rilee Rossouw,0,2,4,0,0,0,False,3
261,1298164,INDIA v SA,INDIA,SA,SA,2,Aiden Markram,52,41,72,6,1,126.82,False,4
262,1298164,INDIA v SA,INDIA,SA,SA,2,David Miller,59,46,78,4,3,128.26,True,5
263,1298164,INDIA v SA,INDIA,SA,SA,2,Tristan Stubbs,6,6,15,1,0,100,False,6
264,1298164,INDIA v SA,INDIA,SA,SA,2,Wayne Parnell,2,5,11,0,0,40,True,7
265,1298163,NED v PAK,NED,PAK,NED,1,Stephan Myburgh,6,11,13,1,0,54.54,False,1
266,1298163,NED v PAK,NED,PAK,NED,1,Max O'Dowd,8,13,41,0,0,61.53,False,2
267,1298163,NED v PAK,NED,PAK,NED,1,Bas de Leede,6,16,15,1,0,37.5,False,3
268,1298163,NED v PAK,NED,PAK,NED,1,Tom Cooper,1,2,4,0,0,50,False,4
269,1298163,NED v PAK,NED,PAK,NED,1,Colin Ackermann,27,27,40,2,0,100,False,5
270,1298163,NED v PAK,NED,PAK,NED,1,Scott Edwards,15,20,38,1,0,75,False,6
271,1298163,NED v PAK,NED,PAK,NED,1,Roelof van der Merwe,5,6,12,0,0,83.33,False,7
272,1298163,NED v PAK,NED,PAK,NED,1,Tim Pringle,5,8,15,0,0,62.5,False,8
273,1298163,NED v PAK,NED,PAK,NED,1,Logan van Beek,6,9,18,0,0,66.66,True,9
274,1298163,NED v PAK,NED,PAK,NED,1,Fred Klaassen,0,1,1,0,0,0,False,10
275,1298163,NED v PAK,NED,PAK,NED,1,Paul van Meekeren,7,7,8,0,0,100,False,11
276,1298163,NED v PAK,NED,PAK,PAK,2,Mohammad Rizwan,49,39,66,5,0,125.64,False,1
277,1298163,NED v PAK,NED,PAK,PAK,2,Babar Azam,4,5,10,1,0,80,False,2
278,1298163,NED v PAK,NED,PAK,PAK,2,Fakhar Zaman,20,16,27,3,0,125,False,3
279,1298163,NED v PAK,NED,PAK,PAK,2,Shan Masood,12,16,35,0,0,75,False,4
280,1298163,NED v PAK,NED,PAK,PAK,2,Iftikhar Ahmed,6,5,10,0,0,120,True,5
281,1298163,NED v PAK,NED,PAK,PAK,2,Shadab Khan,4,2,2,1,0,200,True,6
282,1298162,BAN v ZIM,BAN,ZIM,BAN,1,Najmul Hossain Shanto,71,55,77,7,1,129.09,False,1
283,1298162,BAN v ZIM,BAN,ZIM,BAN,1,Soumya Sarkar,0,2,9,0,0,0,False,2
284,1298162,BAN v ZIM,BAN,ZIM,BAN,1,Litton Das,14,12,22,3,0,116.66,False,3
285,1298162,BAN v ZIM,BAN,ZIM,BAN,1,Shakib Al Hasan,23,20,32,1,0,115,False,4
286,1298162,BAN v ZIM,BAN,ZIM,BAN,1,Afif Hossain,29,19,40,1,1,152.63,False,5
287,1298162,BAN v ZIM,BAN,ZIM,BAN,1,Mosaddek Hossain,7,10,18,0,0,70,False,6
288,1298162,BAN v ZIM,BAN,ZIM,BAN,1,Nurul Hasan,1,1,5,0,0,100,False,7
289,1298162,BAN v ZIM,BAN,ZIM,BAN,1,Yasir Ali,1,1,3,0,0,100,True,8
290,1298162,BAN v ZIM,BAN,ZIM,ZIM,2,Wessly Madhevere,4,3,1,1,0,133.33,False,1
291,1298162,BAN v ZIM,BAN,ZIM,ZIM,2,Craig Ervine,8,7,16,2,0,114.28,False,2
292,1298162,BAN v ZIM,BAN,ZIM,ZIM,2,Milton Shumba,8,15,24,1,0,53.33,False,3
293,1298162,BAN v ZIM,BAN,ZIM,ZIM,2,Sean Williams,64,42,75,8,0,152.38,False,4
294,1298162,BAN v ZIM,BAN,ZIM,ZIM,2,Sikandar Raza,0,3,4,0,0,0,False,5
295,1298162,BAN v ZIM,BAN,ZIM,ZIM,2,Regis Chakabva,15,19,24,0,0,78.94,False,6
296,1298162,BAN v ZIM,BAN,ZIM,ZIM,2,Ryan Burl,27,25,50,2,1,108,True,7
297,1298162,BAN v ZIM,BAN,ZIM,ZIM,2,Brad Evans,2,2,5,0,0,100,False,8
298,1298162,BAN v ZIM,BAN,ZIM,ZIM,2,Richard Ngarava,6,3,6,0,1,200,False,9
299,1298162,BAN v ZIM,BAN,ZIM,ZIM,2,Blessing Muzarabani,0,2,6,0,0,0,True,10
300,1298161,NZ v SL,NZ,SL,NZ,1,Finn Allen,1,3,3,0,0,33.33,False,1
301,1298161,NZ v SL,NZ,SL,NZ,1,Devon Conway,1,4,14,0,0,25,False,2
302,1298161,NZ v SL,NZ,SL,NZ,1,Kane Williamson,8,13,18,1,0,61.53,False,3
303,1298161,NZ v SL,NZ,SL,NZ,1,Glenn Phillips,104,64,87,10,4,162.5,False,4
304,1298161,NZ v SL,NZ,SL,NZ,1,Daryl Mitchell,22,24,52,0,0,91.66,False,5
305,1298161,NZ v SL,NZ,SL,NZ,1,James Neesham,5,8,15,0,0,62.5,False,6
306,1298161,NZ v SL,NZ,SL,NZ,1,Mitchell Santner,11,5,17,0,1,220,True,7
307,1298161,NZ v SL,NZ,SL,NZ,1,Ish Sodhi,1,1,3,0,0,100,False,8
308,1298161,NZ v SL,NZ,SL,NZ,1,Tim Southee,4,1,1,1,0,400,True,9
309,1298161,NZ v SL,NZ,SL,SL,2,Pathum Nissanka,0,5,5,0,0,0,False,1
310,1298161,NZ v SL,NZ,SL,SL,2,Kusal Mendis,4,3,9,1,0,133.33,False,2
311,1298161,NZ v SL,NZ,SL,SL,2,Dhananjaya de Silva,0,3,8,0,0,0,False,3
312,1298161,NZ v SL,NZ,SL,SL,2,Charith Asalanka,4,8,11,0,0,50,False,4
313,1298161,NZ v SL,NZ,SL,SL,2,Bhanuka Rajapaksa,34,22,38,3,2,154.54,False,5
314,1298161,NZ v SL,NZ,SL,SL,2,Chamika Karunaratne,3,8,13,0,0,37.5,False,6
315,1298161,NZ v SL,NZ,SL,SL,2,Dasun Shanaka,35,32,49,4,1,109.37,False,7
316,1298161,NZ v SL,NZ,SL,SL,2,Wanindu Hasaranga de Silva,4,6,6,1,0,66.66,False,8
317,1298161,NZ v SL,NZ,SL,SL,2,Maheesh Theekshana,0,3,5,0,0,0,False,9
318,1298161,NZ v SL,NZ,SL,SL,2,Kasun Rajitha,8,21,30,0,0,38.09,True,10
319,1298161,NZ v SL,NZ,SL,SL,2,Lahiru Kumara,4,5,10,1,0,80,False,11
320,1298158,PAK v ZIM,ZIM,PAK,ZIM,1,Wessly Madhevere,17,13,30,3,0,130.76,False,1
321,1298158,PAK v ZIM,ZIM,PAK,ZIM,1,Craig Ervine,19,19,26,2,0,100,False,2
322,1298158,PAK v ZIM,ZIM,PAK,ZIM,1,Milton Shumba,8,10,22,1,0,80,False,3
323,1298158,PAK v ZIM,ZIM,PAK,ZIM,1,Sean Williams,31,28,37,3,0,110.71,False,4
324,1298158,PAK v ZIM,ZIM,PAK,ZIM,1,Sikandar Raza,9,16,22,1,0,56.25,False,5
325,1298158,PAK v ZIM,ZIM,PAK,ZIM,1,Regis Chakabva,0,1,2,0,0,0,False,6
326,1298158,PAK v ZIM,ZIM,PAK,ZIM,1,Ryan Burl,10,15,30,0,0,66.66,True,7
327,1298158,PAK v ZIM,ZIM,PAK,ZIM,1,Luke Jongwe,0,1,2,0,0,0,False,8
328,1298158,PAK v ZIM,ZIM,PAK,ZIM,1,Brad Evans,19,15,24,0,1,126.66,False,9
329,1298158,PAK v ZIM,ZIM,PAK,ZIM,1,Richard Ngarava,3,2,3,0,0,150,True,10
330,1298158,PAK v ZIM,ZIM,PAK,PAK,2,Mohammad Rizwan,14,16,23,1,1,87.5,False,1
331,1298158,PAK v ZIM,ZIM,PAK,PAK,2,Babar Azam,4,9,17,1,0,44.44,False,2
332,1298158,PAK v ZIM,ZIM,PAK,PAK,2,Shan Masood,44,38,61,3,0,115.78,False,3
333,1298158,PAK v ZIM,ZIM,PAK,PAK,2,Iftikhar Ahmed,5,10,16,1,0,50,False,4
334,1298158,PAK v ZIM,ZIM,PAK,PAK,2,Shadab Khan,17,14,27,0,1,121.42,False,5
335,1298158,PAK v ZIM,ZIM,PAK,PAK,2,Haider Ali,0,1,3,0,0,0,False,6
336,1298158,PAK v ZIM,ZIM,PAK,PAK,2,Mohammad Nawaz,22,18,36,1,1,122.22,False,7
337,1298158,PAK v ZIM,ZIM,PAK,PAK,2,Mohammad Wasim,12,13,29,2,0,92.3,True,8
338,1298158,PAK v ZIM,ZIM,PAK,PAK,2,Shaheen Shah Afridi,1,1,3,0,0,100,False,9
339,1298157,INDIA v NED,INDIA,NED,INDIA,1,KL Rahul,9,12,12,1,0,75,False,1
340,1298157,INDIA v NED,INDIA,NED,INDIA,1,Rohit Sharma,53,39,53,4,3,135.89,False,2
341,1298157,INDIA v NED,INDIA,NED,INDIA,1,Virat Kohli,62,44,79,3,2,140.9,True,3
342,1298157,INDIA v NED,INDIA,NED,INDIA,1,Suryakumar Yadav,51,25,38,7,1,204,True,4
343,1298157,INDIA v NED,INDIA,NED,NED,2,Vikramjit Singh,1,9,13,0,0,11.11,False,1
344,1298157,INDIA v NED,INDIA,NED,NED,2,Max O'Dowd,16,10,22,3,0,160,False,2
345,1298157,INDIA v NED,INDIA,NED,NED,2,Bas de Leede,16,23,27,0,0,69.56,False,3
346,1298157,INDIA v NED,INDIA,NED,NED,2,Colin Ackermann,17,21,31,1,0,80.95,False,4
347,1298157,INDIA v NED,INDIA,NED,NED,2,Tom Cooper,9,12,12,0,0,75,False,5
348,1298157,INDIA v NED,INDIA,NED,NED,2,Scott Edwards,5,8,21,0,0,62.5,False,6
349,1298157,INDIA v NED,INDIA,NED,NED,2,Tim Pringle,20,15,14,1,1,133.33,False,7
350,1298157,INDIA v NED,INDIA,NED,NED,2,Logan van Beek,3,5,11,0,0,60,False,8
351,1298157,INDIA v NED,INDIA,NED,NED,2,Shariz Ahmad,16,11,18,2,0,145.45,True,9
352,1298157,INDIA v NED,INDIA,NED,NED,2,Fred Klaassen,0,1,3,0,0,0,False,10
353,1298157,INDIA v NED,INDIA,NED,NED,2,Paul van Meekeren,14,6,9,3,0,233.33,True,11
354,1298156,BAN v SA,SA,BAN,SA,1,Temba Bavuma,2,6,6,0,0,33.33,False,1
355,1298156,BAN v SA,SA,BAN,SA,1,Quinton de Kock,63,38,77,7,3,165.78,False,2
356,1298156,BAN v SA,SA,BAN,SA,1,Rilee Rossouw,109,56,90,7,8,194.64,False,3
357,1298156,BAN v SA,SA,BAN,SA,1,Tristan Stubbs,7,7,9,1,0,100,False,4
358,1298156,BAN v SA,SA,BAN,SA,1,Aiden Markram,10,11,16,1,0,90.9,False,5
359,1298156,BAN v SA,SA,BAN,SA,1,David Miller,2,4,8,0,0,50,True,6
360,1298156,BAN v SA,SA,BAN,SA,1,Wayne Parnell,0,2,2,0,0,0,True,7
361,1298156,BAN v SA,SA,BAN,BAN,2,Najmul Hossain Shanto,9,9,15,1,0,100,False,1
362,1298156,BAN v SA,SA,BAN,BAN,2,Soumya Sarkar,15,6,11,0,2,250,False,2
363,1298156,BAN v SA,SA,BAN,BAN,2,Litton Das,34,31,57,1,1,109.67,False,3
364,1298156,BAN v SA,SA,BAN,BAN,2,Shakib Al Hasan,1,4,11,0,0,25,False,4
365,1298156,BAN v SA,SA,BAN,BAN,2,Afif Hossain,1,5,8,0,0,20,False,5
366,1298156,BAN v SA,SA,BAN,BAN,2,Mehidy Hasan Miraz,11,13,17,0,0,84.61,False,6
367,1298156,BAN v SA,SA,BAN,BAN,2,Mosaddek Hossain,0,3,4,0,0,0,False,7
368,1298156,BAN v SA,SA,BAN,BAN,2,Nurul Hasan,2,6,7,0,0,33.33,False,8
369,1298156,BAN v SA,SA,BAN,BAN,2,Taskin Ahmed,10,17,22,1,0,58.82,False,9
370,1298156,BAN v SA,SA,BAN,BAN,2,Hasan Mahmud,0,2,7,0,0,0,False,10
371,1298156,BAN v SA,SA,BAN,BAN,2,Mustafizur Rahman,9,3,8,0,1,300,True,11
372,1298154,ENG v IRE,IRE,ENG,IRE,1,Paul Stirling,14,8,16,1,1,175,False,1
373,1298154,ENG v IRE,IRE,ENG,IRE,1,Andy Balbirnie,62,47,74,5,2,131.91,False,2
374,1298154,ENG v IRE,IRE,ENG,IRE,1,Lorcan Tucker,34,27,42,3,1,125.92,False,3
375,1298154,ENG v IRE,IRE,ENG,IRE,1,Harry Tector,0,2,3,0,0,0,False,4
376,1298154,ENG v IRE,IRE,ENG,IRE,1,Curtis Campher,18,11,22,3,0,163.63,False,5
377,1298154,ENG v IRE,IRE,ENG,IRE,1,George Dockrell,0,1,2,0,0,0,False,6
378,1298154,ENG v IRE,IRE,ENG,IRE,1,Gareth Delany,12,10,22,1,0,120,True,7
379,1298154,ENG v IRE,IRE,ENG,IRE,1,Mark Adair,4,4,8,0,0,100,False,8
380,1298154,ENG v IRE,IRE,ENG,IRE,1,Barry McCarthy,3,3,4,0,0,100,False,9
381,1298154,ENG v IRE,IRE,ENG,IRE,1,Fionn Hand,1,2,4,0,0,50,False,10
382,1298154,ENG v IRE,IRE,ENG,IRE,1,Josh Little,0,1,3,0,0,0,False,11
383,1298154,ENG v IRE,IRE,ENG,ENG,2,Jos Buttler,0,2,3,0,0,0,False,1
384,1298154,ENG v IRE,IRE,ENG,ENG,2,Alex Hales,7,5,14,1,0,140,False,2
385,1298154,ENG v IRE,IRE,ENG,ENG,2,Dawid Malan,35,37,66,2,0,94.59,False,3
386,1298154,ENG v IRE,IRE,ENG,ENG,2,Ben Stokes,6,8,14,0,0,75,False,4
387,1298154,ENG v IRE,IRE,ENG,ENG,2,Harry Brook,18,21,30,1,0,85.71,False,5
388,1298154,ENG v IRE,IRE,ENG,ENG,2,Moeen Ali,24,12,18,3,1,200,True,6
389,1298154,ENG v IRE,IRE,ENG,ENG,2,Liam Livingstone,1,2,7,0,0,50,True,7
390,1298153,AUS v SL,SL,AUS,SL,1,Pathum Nissanka,40,45,65,2,0,88.88,False,1
391,1298153,AUS v SL,SL,AUS,SL,1,Kusal Mendis,5,6,9,1,0,83.33,False,2
392,1298153,AUS v SL,SL,AUS,SL,1,Dhananjaya de Silva,26,23,47,3,0,113.04,False,3
393,1298153,AUS v SL,SL,AUS,SL,1,Charith Asalanka,38,25,45,3,2,152,True,4
394,1298153,AUS v SL,SL,AUS,SL,1,Bhanuka Rajapaksa,7,5,9,1,0,140,False,5
395,1298153,AUS v SL,SL,AUS,SL,1,Dasun Shanaka,3,5,6,0,0,60,False,6
396,1298153,AUS v SL,SL,AUS,SL,1,Wanindu Hasaranga de Silva,1,4,8,0,0,25,False,7
397,1298153,AUS v SL,SL,AUS,SL,1,Chamika Karunaratne,14,7,16,2,0,200,True,8
398,1298153,AUS v SL,SL,AUS,AUS,2,David Warner,11,10,26,0,0,110,False,1
399,1298153,AUS v SL,SL,AUS,AUS,2,Aaron Finch,31,42,89,0,1,73.8,True,2
400,1298153,AUS v SL,SL,AUS,AUS,2,Mitchell Marsh,17,17,20,1,1,100,False,3
401,1298153,AUS v SL,SL,AUS,AUS,2,Glenn Maxwell,23,12,21,2,2,191.66,False,4
402,1298153,AUS v SL,SL,AUS,AUS,2,Marcus Stoinis,59,18,22,4,6,327.77,True,5
403,1298152,SA v ZIM,ZIM,SA,ZIM,1,Regis Chakabva,8,8,13,0,1,100,False,1
404,1298152,SA v ZIM,ZIM,SA,ZIM,1,Craig Ervine,2,6,11,0,0,33.33,False,2
405,1298152,SA v ZIM,ZIM,SA,ZIM,1,Sean Williams,1,1,10,0,0,100,False,3
406,1298152,SA v ZIM,ZIM,SA,ZIM,1,Sikandar Raza,0,2,3,0,0,0,False,4
407,1298152,SA v ZIM,ZIM,SA,ZIM,1,Wessly Madhevere,35,18,37,4,1,194.44,True,5
408,1298152,SA v ZIM,ZIM,SA,ZIM,1,Milton Shumba,18,20,32,2,0,90,False,6
409,1298152,SA v ZIM,ZIM,SA,SA,2,Quinton de Kock,47,18,26,8,1,261.11,True,1
410,1298152,SA v ZIM,ZIM,SA,SA,2,Temba Bavuma,2,2,26,0,0,100,True,2
411,1298151,BAN v NED,BAN,NED,BAN,1,Najmul Hossain Shanto,25,20,31,4,0,125,False,1
412,1298151,BAN v NED,BAN,NED,BAN,1,Soumya Sarkar,14,14,24,2,0,100,False,2
413,1298151,BAN v NED,BAN,NED,BAN,1,Litton Das,9,11,17,0,0,81.81,False,3
414,1298151,BAN v NED,BAN,NED,BAN,1,Shakib Al Hasan,7,9,14,0,0,77.77,False,4
415,1298151,BAN v NED,BAN,NED,BAN,1,Afif Hossain,38,27,47,2,2,140.74,False,5
416,1298151,BAN v NED,BAN,NED,BAN,1,Yasir Ali,3,5,9,0,0,60,False,6
417,1298151,BAN v NED,BAN,NED,BAN,1,Nurul Hasan,13,18,28,0,0,72.22,False,7
418,1298151,BAN v NED,BAN,NED,BAN,1,Mosaddek Hossain,20,12,12,2,1,166.66,True,8
419,1298151,BAN v NED,BAN,NED,BAN,1,Taskin Ahmed,0,1,3,0,0,0,False,9
420,1298151,BAN v NED,BAN,NED,BAN,1,Hasan Mahmud,0,3,6,0,0,0,True,10
421,1298151,BAN v NED,BAN,NED,NED,2,Vikramjit Singh,0,1,4,0,0,0,False,1
422,1298151,BAN v NED,BAN,NED,NED,2,Max O'Dowd,8,8,21,0,1,100,False,2
423,1298151,BAN v NED,BAN,NED,NED,2,Bas de Leede,0,1,2,0,0,0,False,3
424,1298151,BAN v NED,BAN,NED,NED,2,Colin Ackermann,62,48,77,6,2,129.16,False,4
425,1298151,BAN v NED,BAN,NED,NED,2,Tom Cooper,0,0,2,0,0,-,False,5
426,1298151,BAN v NED,BAN,NED,NED,2,Scott Edwards,16,24,33,1,0,66.66,False,6
427,1298151,BAN v NED,BAN,NED,NED,2,Tim Pringle,1,6,5,0,0,16.66,False,7
428,1298151,BAN v NED,BAN,NED,NED,2,Logan van Beek,2,5,9,0,0,40,False,8
429,1298151,BAN v NED,BAN,NED,NED,2,Shariz Ahmad,9,8,9,1,0,112.5,False,9
430,1298151,BAN v NED,BAN,NED,NED,2,Fred Klaassen,7,6,20,0,0,116.66,True,10
431,1298151,BAN v NED,BAN,NED,NED,2,Paul van Meekeren,24,14,16,3,1,171.42,False,11
432,1298150,INDIA v PAK,PAK,INDIA,PAK,1,Mohammad Rizwan,4,12,25,1,0,33.33,False,1
433,1298150,INDIA v PAK,PAK,INDIA,PAK,1,Babar Azam,0,1,10,0,0,0,False,2
434,1298150,INDIA v PAK,PAK,INDIA,PAK,1,Shan Masood,52,42,101,5,0,123.8,True,3
435,1298150,INDIA v PAK,PAK,INDIA,PAK,1,Iftikhar Ahmed,51,34,43,2,4,150,False,4
436,1298150,INDIA v PAK,PAK,INDIA,PAK,1,Shadab Khan,5,6,6,1,0,83.33,False,5
437,1298150,INDIA v PAK,PAK,INDIA,PAK,1,Haider Ali,2,4,6,0,0,50,False,6
438,1298150,INDIA v PAK,PAK,INDIA,PAK,1,Mohammad Nawaz,9,6,12,2,0,150,False,7
439,1298150,INDIA v PAK,PAK,INDIA,PAK,1,Asif Ali,2,3,6,0,0,66.66,False,8
440,1298150,INDIA v PAK,PAK,INDIA,PAK,1,Shaheen Shah Afridi,16,8,17,1,1,200,False,9
441,1298150,INDIA v PAK,PAK,INDIA,PAK,1,Haris Rauf,6,4,3,0,1,150,True,10
442,1298150,INDIA v PAK,PAK,INDIA,INDIA,2,KL Rahul,4,8,13,0,0,50,False,1
443,1298150,INDIA v PAK,PAK,INDIA,INDIA,2,Rohit Sharma,4,7,20,0,0,57.14,False,2
444,1298150,INDIA v PAK,PAK,INDIA,INDIA,2,Virat Kohli,82,53,98,6,4,154.71,True,3
445,1298150,INDIA v PAK,PAK,INDIA,INDIA,2,Suryakumar Yadav,15,10,11,2,0,150,False,4
446,1298150,INDIA v PAK,PAK,INDIA,INDIA,2,Axar Patel,2,3,7,0,0,66.66,False,5
447,1298150,INDIA v PAK,PAK,INDIA,INDIA,2,Hardik Pandya,40,37,61,1,2,108.1,False,6
448,1298150,INDIA v PAK,PAK,INDIA,INDIA,2,Dinesh Karthik,1,2,10,0,0,50,False,7
449,1298150,INDIA v PAK,PAK,INDIA,INDIA,2,Ravichandran Ashwin,1,1,2,0,0,100,True,8
450,1298149,IRE v SL,IRE,SL,IRE,1,Paul Stirling,34,25,45,4,1,136,False,1
451,1298149,IRE v SL,IRE,SL,IRE,1,Andy Balbirnie,1,5,7,0,0,20,False,2
452,1298149,IRE v SL,IRE,SL,IRE,1,Lorcan Tucker,10,11,20,1,0,90.9,False,3
453,1298149,IRE v SL,IRE,SL,IRE,1,Harry Tector,45,42,59,2,1,107.14,False,4
454,1298149,IRE v SL,IRE,SL,IRE,1,Curtis Campher,2,4,6,0,0,50,False,5
455,1298149,IRE v SL,IRE,SL,IRE,1,George Dockrell,14,16,25,0,0,87.5,False,6
456,1298149,IRE v SL,IRE,SL,IRE,1,Gareth Delany,9,6,10,1,0,150,False,7
457,1298149,IRE v SL,IRE,SL,IRE,1,Mark Adair,0,1,5,0,0,0,False,8
458,1298149,IRE v SL,IRE,SL,IRE,1,Simi Singh,7,8,9,1,0,87.5,True,9
459,1298149,IRE v SL,IRE,SL,IRE,1,Barry McCarthy,2,2,7,0,0,100,True,10
460,1298149,IRE v SL,IRE,SL,SL,2,Kusal Mendis,68,43,68,5,3,158.13,True,1
461,1298149,IRE v SL,IRE,SL,SL,2,Dhananjaya de Silva,31,25,35,2,1,124,False,2
462,1298149,IRE v SL,IRE,SL,SL,2,Charith Asalanka,31,22,33,2,0,140.9,True,3
463,1298148,AFG v ENG,AFG,ENG,AFG,1,Hazratullah Zazai,7,17,31,1,0,41.17,False,1
464,1298148,AFG v ENG,AFG,ENG,AFG,1,Rahmanullah Gurbaz,10,9,13,0,1,111.11,False,2
465,1298148,AFG v ENG,AFG,ENG,AFG,1,Ibrahim Zadran,32,32,41,3,1,100,False,3
466,1298148,AFG v ENG,AFG,ENG,AFG,1,Usman Ghani,30,30,60,3,0,100,False,4
467,1298148,AFG v ENG,AFG,ENG,AFG,1,Najibullah Zadran,13,11,15,0,1,118.18,False,5
468,1298148,AFG v ENG,AFG,ENG,AFG,1,Mohammad Nabi,3,5,7,0,0,60,False,6
469,1298148,AFG v ENG,AFG,ENG,AFG,1,Azmatullah Omarzai,8,6,11,1,0,133.33,False,7
470,1298148,AFG v ENG,AFG,ENG,AFG,1,Rashid Khan,0,1,2,0,0,0,False,8
471,1298148,AFG v ENG,AFG,ENG,AFG,1,Mujeeb Ur Rahman,0,1,3,0,0,0,False,9
472,1298148,AFG v ENG,AFG,ENG,AFG,1,Fareed Ahmad,2,4,7,0,0,50,True,10
473,1298148,AFG v ENG,AFG,ENG,AFG,1,Fazalhaq Farooqi,0,2,3,0,0,0,False,11
474,1298148,AFG v ENG,AFG,ENG,ENG,2,Jos Buttler,18,18,25,3,0,100,False,1
475,1298148,AFG v ENG,AFG,ENG,ENG,2,Alex Hales,19,20,41,0,1,95,False,2
476,1298148,AFG v ENG,AFG,ENG,ENG,2,Dawid Malan,18,30,40,0,0,60,False,3
477,1298148,AFG v ENG,AFG,ENG,ENG,2,Ben Stokes,2,4,11,0,0,50,False,4
478,1298148,AFG v ENG,AFG,ENG,ENG,2,Liam Livingstone,29,21,34,3,0,138.09,True,5
479,1298148,AFG v ENG,AFG,ENG,ENG,2,Harry Brook,7,6,9,0,0,116.66,False,6
480,1298148,AFG v ENG,AFG,ENG,ENG,2,Moeen Ali,8,10,13,0,0,80,True,7
481,1298147,AUS v NZ,NZ,AUS,NZ,1,Finn Allen,42,16,24,5,3,262.5,False,1
482,1298147,AUS v NZ,NZ,AUS,NZ,1,Devon Conway,92,58,106,7,2,158.62,True,2
483,1298147,AUS v NZ,NZ,AUS,NZ,1,Kane Williamson,23,23,48,1,1,100,False,3
484,1298147,AUS v NZ,NZ,AUS,NZ,1,Glenn Phillips,12,10,16,2,0,120,False,4
485,1298147,AUS v NZ,NZ,AUS,NZ,1,James Neesham,26,13,19,0,2,200,True,5
486,1298147,AUS v NZ,NZ,AUS,AUS,2,David Warner,5,6,7,1,0,83.33,False,1
487,1298147,AUS v NZ,NZ,AUS,AUS,2,Aaron Finch,13,11,20,1,1,118.18,False,2
488,1298147,AUS v NZ,NZ,AUS,AUS,2,Mitchell Marsh,16,12,17,2,1,133.33,False,3
489,1298147,AUS v NZ,NZ,AUS,AUS,2,Glenn Maxwell,28,20,47,3,1,140,False,4
490,1298147,AUS v NZ,NZ,AUS,AUS,2,Marcus Stoinis,7,14,16,0,0,50,False,5
491,1298147,AUS v NZ,NZ,AUS,AUS,2,Tim David,11,8,12,0,1,137.5,False,6
492,1298147,AUS v NZ,NZ,AUS,AUS,2,Matthew Wade,2,4,10,0,0,50,False,7
493,1298147,AUS v NZ,NZ,AUS,AUS,2,Pat Cummins,21,18,27,2,1,116.66,False,8
494,1298147,AUS v NZ,NZ,AUS,AUS,2,Mitchell Starc,4,7,13,0,0,57.14,False,9
495,1298147,AUS v NZ,NZ,AUS,AUS,2,Adam Zampa,0,2,3,0,0,0,False,10
496,1298147,AUS v NZ,NZ,AUS,AUS,2,Josh Hazlewood,1,1,6,0,0,100,True,11
497,1298146,SCOT v ZIM,SCOT,ZIM,SCOT,1,George Munsey,54,51,74,7,0,105.88,False,1
498,1298146,SCOT v ZIM,SCOT,ZIM,SCOT,1,Michael Jones,4,5,6,1,0,80,False,2
499,1298146,SCOT v ZIM,SCOT,ZIM,SCOT,1,Matthew Cross,1,7,15,0,0,14.28,False,3
500,1298146,SCOT v ZIM,SCOT,ZIM,SCOT,1,Richie Berrington,13,15,24,0,0,86.66,False,4
501,1298146,SCOT v ZIM,SCOT,ZIM,SCOT,1,Calum MacLeod,25,26,46,1,0,96.15,False,5
502,1298146,SCOT v ZIM,SCOT,ZIM,SCOT,1,Michael Leask,12,9,11,2,0,133.33,False,6
503,1298146,SCOT v ZIM,SCOT,ZIM,SCOT,1,Chris Greaves,3,7,10,0,0,42.85,True,7
504,1298146,SCOT v ZIM,SCOT,ZIM,SCOT,1,Josh Davey,4,3,3,0,0,133.33,True,8
505,1298146,SCOT v ZIM,SCOT,ZIM,ZIM,2,Regis Chakabva,4,3,3,1,0,133.33,False,1
506,1298146,SCOT v ZIM,SCOT,ZIM,ZIM,2,Craig Ervine,58,54,79,6,0,107.4,False,2
507,1298146,SCOT v ZIM,SCOT,ZIM,ZIM,2,Wessly Madhevere,0,5,8,0,0,0,False,3
508,1298146,SCOT v ZIM,SCOT,ZIM,ZIM,2,Sean Williams,7,12,28,0,0,58.33,False,4
509,1298146,SCOT v ZIM,SCOT,ZIM,ZIM,2,Sikandar Raza,40,23,34,3,2,173.91,False,5
510,1298146,SCOT v ZIM,SCOT,ZIM,ZIM,2,Milton Shumba,11,11,16,0,0,100,True,6
511,1298146,SCOT v ZIM,SCOT,ZIM,ZIM,2,Ryan Burl,9,5,7,1,0,180,True,7
512,1298145,IRE v WI,WI,IRE,WI,1,Kyle Mayers,1,5,12,0,0,20,False,1
513,1298145,IRE v WI,WI,IRE,WI,1,Johnson Charles,24,18,22,3,1,133.33,False,2
514,1298145,IRE v WI,WI,IRE,WI,1,Evin Lewis,13,18,42,0,0,72.22,False,3
515,1298145,IRE v WI,WI,IRE,WI,1,Brandon King,62,48,80,6,1,129.16,True,4
516,1298145,IRE v WI,WI,IRE,WI,1,Nicholas Pooran,13,11,16,0,1,118.18,False,5
517,1298145,IRE v WI,WI,IRE,WI,1,Rovman Powell,6,8,12,1,0,75,False,6
518,1298145,IRE v WI,WI,IRE,WI,1,Odean Smith,19,12,18,1,2,158.33,True,7
519,1298145,IRE v WI,WI,IRE,IRE,2,Paul Stirling,66,48,79,6,2,137.5,True,1
520,1298145,IRE v WI,WI,IRE,IRE,2,Andy Balbirnie,37,23,34,3,3,160.86,False,2
521,1298145,IRE v WI,WI,IRE,IRE,2,Lorcan Tucker,45,35,46,2,2,128.57,True,3
522,1298144,NAM v UAE,UAE,NAM,UAE,1,Muhammad Waseem,50,41,66,1,3,121.95,False,1
523,1298144,NAM v UAE,UAE,NAM,UAE,1,Vriitya Aravind,21,32,34,2,0,65.62,False,2
524,1298144,NAM v UAE,UAE,NAM,UAE,1,Chundangapoyil Rizwan,43,29,55,3,1,148.27,True,3
525,1298144,NAM v UAE,UAE,NAM,UAE,1,Alishan Sharafu,4,4,10,0,0,100,False,4
526,1298144,NAM v UAE,UAE,NAM,UAE,1,Basil Hameed,25,14,13,2,2,178.57,True,5
527,1298144,NAM v UAE,UAE,NAM,NAM,2,Michael van Lingen,10,8,14,1,0,125,False,1
528,1298144,NAM v UAE,UAE,NAM,NAM,2,Stephan Baard,4,6,9,1,0,66.66,False,2
529,1298144,NAM v UAE,UAE,NAM,NAM,2,Jan Nicol Loftie-Eaton,1,6,17,0,0,16.66,False,3
530,1298144,NAM v UAE,UAE,NAM,NAM,2,Gerhard Erasmus,16,18,23,2,0,88.88,False,4
531,1298144,NAM v UAE,UAE,NAM,NAM,2,Jan Frylinck,14,17,33,1,0,82.35,False,5
532,1298144,NAM v UAE,UAE,NAM,NAM,2,JJ Smit,3,3,3,0,0,100,False,6
533,1298144,NAM v UAE,UAE,NAM,NAM,2,David Wiese,55,36,65,3,3,152.77,False,7
534,1298144,NAM v UAE,UAE,NAM,NAM,2,Zane Green,2,3,3,0,0,66.66,False,8
535,1298144,NAM v UAE,UAE,NAM,NAM,2,Ruben Trumpelmann,25,24,43,1,1,104.16,True,9
536,1298144,NAM v UAE,UAE,NAM,NAM,2,Bernard Scholtz,1,1,-,0,0,100,True,10
537,1298143,NED v SL,SL,NED,SL,1,Pathum Nissanka,14,21,25,0,1,66.66,False,1
538,1298143,NED v SL,SL,NED,SL,1,Kusal Mendis,79,44,94,5,5,179.54,False,2
539,1298143,NED v SL,SL,NED,SL,1,Dhananjaya de Silva,0,1,2,0,0,0,False,3
540,1298143,NED v SL,SL,NED,SL,1,Charith Asalanka,31,30,38,3,0,103.33,False,4
541,1298143,NED v SL,SL,NED,SL,1,Bhanuka Rajapaksa,19,13,18,2,0,146.15,False,5
542,1298143,NED v SL,SL,NED,SL,1,Dasun Shanaka,8,5,9,0,1,160,False,6
543,1298143,NED v SL,SL,NED,SL,1,Wanindu Hasaranga de Silva,5,4,8,0,0,125,True,7
544,1298143,NED v SL,SL,NED,SL,1,Chamika Karunaratne,2,2,4,0,0,100,True,8
545,1298143,NED v SL,SL,NED,NED,2,Max O'Dowd,71,53,99,6,3,133.96,True,1
546,1298143,NED v SL,SL,NED,NED,2,Vikramjit Singh,7,14,18,0,0,50,False,2
547,1298143,NED v SL,SL,NED,NED,2,Bas de Leede,14,10,12,1,1,140,False,3
548,1298143,NED v SL,SL,NED,NED,2,Colin Ackermann,0,1,4,0,0,0,False,4
549,1298143,NED v SL,SL,NED,NED,2,Tom Cooper,16,19,23,2,0,84.21,False,5
550,1298143,NED v SL,SL,NED,NED,2,Scott Edwards,21,15,16,3,0,140,False,6
551,1298143,NED v SL,SL,NED,NED,2,Tim Pringle,2,4,8,0,0,50,False,7
552,1298143,NED v SL,SL,NED,NED,2,Timm van der Gugten,0,1,2,0,0,0,False,8
553,1298143,NED v SL,SL,NED,NED,2,Fred Klaassen,3,3,5,0,0,100,False,9
554,1298143,NED v SL,SL,NED,NED,2,Paul van Meekeren,0,0,4,0,0,-,False,10
555,1298143,NED v SL,SL,NED,NED,2,Roelof van der Merwe,0,1,14,0,0,0,True,11
556,1298142,WI v ZIM,WI,ZIM,WI,1,Kyle Mayers,13,12,17,2,0,108.33,False,1
557,1298142,WI v ZIM,WI,ZIM,WI,1,Johnson Charles,45,36,60,3,2,125,False,2
558,1298142,WI v ZIM,WI,ZIM,WI,1,Evin Lewis,15,18,28,1,0,83.33,False,3
559,1298142,WI v ZIM,WI,ZIM,WI,1,Nicholas Pooran,7,9,10,0,0,77.77,False,4
560,1298142,WI v ZIM,WI,ZIM,WI,1,Rovman Powell,28,21,40,1,2,133.33,False,5
561,1298142,WI v ZIM,WI,ZIM,WI,1,Shamarh Brooks,0,3,5,0,0,0,False,6
562,1298142,WI v ZIM,WI,ZIM,WI,1,Jason Holder,4,3,3,0,0,133.33,False,7
563,1298142,WI v ZIM,WI,ZIM,WI,1,Akeal Hosein,23,18,31,2,0,127.77,True,8
564,1298142,WI v ZIM,WI,ZIM,WI,1,Odean Smith,1,2,2,0,0,50,True,9
565,1298142,WI v ZIM,WI,ZIM,ZIM,2,Wessly Madhevere,27,19,37,3,1,142.1,False,1
566,1298142,WI v ZIM,WI,ZIM,ZIM,2,Regis Chakabva,13,9,14,3,0,144.44,False,2
567,1298142,WI v ZIM,WI,ZIM,ZIM,2,Tony Munyonga,2,6,12,0,0,33.33,False,3
568,1298142,WI v ZIM,WI,ZIM,ZIM,2,Sean Williams,1,2,4,0,0,50,False,4
569,1298142,WI v ZIM,WI,ZIM,ZIM,2,Sikandar Raza,14,8,12,1,1,175,False,5
570,1298142,WI v ZIM,WI,ZIM,ZIM,2,Milton Shumba,2,9,20,0,0,22.22,False,6
571,1298142,WI v ZIM,WI,ZIM,ZIM,2,Ryan Burl,17,19,30,3,0,89.47,False,7
572,1298142,WI v ZIM,WI,ZIM,ZIM,2,Luke Jongwe,29,22,31,3,1,131.81,False,8
573,1298142,WI v ZIM,WI,ZIM,ZIM,2,Richard Ngarava,2,6,11,0,0,33.33,False,9
574,1298142,WI v ZIM,WI,ZIM,ZIM,2,Tendai Chatara,3,8,12,0,0,37.5,False,10
575,1298142,WI v ZIM,WI,ZIM,ZIM,2,Blessing Muzarabani,1,4,4,0,0,25,True,11
576,1298141,IRE v SCOT,SCOT,IRE,SCOT,1,George Munsey,1,2,9,0,0,50,False,1
577,1298141,IRE v SCOT,SCOT,IRE,SCOT,1,Michael Jones,86,55,95,6,4,156.36,False,2
578,1298141,IRE v SCOT,SCOT,IRE,SCOT,1,Matthew Cross,28,21,33,5,0,133.33,False,3
579,1298141,IRE v SCOT,SCOT,IRE,SCOT,1,Richie Berrington,37,27,39,3,1,137.03,False,4
580,1298141,IRE v SCOT,SCOT,IRE,SCOT,1,Michael Leask,17,13,19,2,0,130.76,True,5
581,1298141,IRE v SCOT,SCOT,IRE,SCOT,1,Calum MacLeod,0,3,6,0,0,0,False,6
582,1298141,IRE v SCOT,SCOT,IRE,IRE,2,Paul Stirling,8,10,22,1,0,80,False,1
583,1298141,IRE v SCOT,SCOT,IRE,IRE,2,Andy Balbirnie,14,12,15,2,0,116.66,False,2
584,1298141,IRE v SCOT,SCOT,IRE,IRE,2,Lorcan Tucker,20,17,28,2,0,117.64,False,3
585,1298141,IRE v SCOT,SCOT,IRE,IRE,2,Harry Tector,14,16,23,1,0,87.5,False,4
586,1298141,IRE v SCOT,SCOT,IRE,IRE,2,Curtis Campher,72,32,48,7,2,225,True,5
587,1298141,IRE v SCOT,SCOT,IRE,IRE,2,George Dockrell,39,27,42,4,1,144.44,True,6
588,1298140,SL v UAE,SL,UAE,SL,1,Pathum Nissanka,74,60,105,6,2,123.33,False,1
589,1298140,SL v UAE,SL,UAE,SL,1,Kusal Mendis,18,13,24,2,0,138.46,False,2
590,1298140,SL v UAE,SL,UAE,SL,1,Dhananjaya de Silva,33,21,30,3,1,157.14,False,3
591,1298140,SL v UAE,SL,UAE,SL,1,Bhanuka Rajapaksa,5,8,19,0,0,62.5,False,4
592,1298140,SL v UAE,SL,UAE,SL,1,Charith Asalanka,0,1,2,0,0,0,False,5
593,1298140,SL v UAE,SL,UAE,SL,1,Dasun Shanaka,0,1,2,0,0,0,False,6
594,1298140,SL v UAE,SL,UAE,SL,1,Wanindu Hasaranga de Silva,2,3,3,0,0,66.66,False,7
595,1298140,SL v UAE,SL,UAE,SL,1,Chamika Karunaratne,8,11,22,1,0,72.72,False,8
596,1298140,SL v UAE,SL,UAE,SL,1,Pramod Madushan,1,1,4,0,0,100,True,9
597,1298140,SL v UAE,SL,UAE,SL,1,Dushmantha Chameera,1,1,2,0,0,100,True,10
598,1298140,SL v UAE,SL,UAE,UAE,2,Muhammad Waseem,2,4,13,0,0,50,False,1
599,1298140,SL v UAE,SL,UAE,UAE,2,Chirag Suri,14,19,31,3,0,73.68,False,2
600,1298140,SL v UAE,SL,UAE,UAE,2,Aryan Lakra,1,3,4,0,0,33.33,False,3
601,1298140,SL v UAE,SL,UAE,UAE,2,Chundangapoyil Rizwan,1,3,8,0,0,33.33,False,4
602,1298140,SL v UAE,SL,UAE,UAE,2,Vriitya Aravind,9,18,26,1,0,50,False,5
603,1298140,SL v UAE,SL,UAE,UAE,2,Basil Hameed,2,6,14,0,0,33.33,False,6
604,1298140,SL v UAE,SL,UAE,UAE,2,Aayan Afzal Khan,19,21,33,1,0,90.47,False,7
605,1298140,SL v UAE,SL,UAE,UAE,2,Kashif Daud,0,4,8,0,0,0,False,8
606,1298140,SL v UAE,SL,UAE,UAE,2,Karthik Meiyappan,4,8,11,0,0,50,False,9
607,1298140,SL v UAE,SL,UAE,UAE,2,Junaid Siddique,18,16,22,1,1,112.5,False,10
608,1298140,SL v UAE,SL,UAE,UAE,2,Zahoor Khan,1,1,15,0,0,100,True,11
609,1298139,NAM v NED,NAM,NED,NAM,1,Michael van Lingen,20,19,20,3,0,105.26,False,1
610,1298139,NAM v NED,NAM,NED,NAM,1,Divan la Cock,0,2,5,0,0,0,False,2
611,1298139,NAM v NED,NAM,NED,NAM,1,Stephan Baard,19,22,46,0,0,86.36,False,3
612,1298139,NAM v NED,NAM,NED,NAM,1,Jan Nicol Loftie-Eaton,0,2,3,0,0,0,False,4
613,1298139,NAM v NED,NAM,NED,NAM,1,Jan Frylinck,43,48,63,1,1,89.58,False,5
614,1298139,NAM v NED,NAM,NED,NAM,1,Gerhard Erasmus,16,18,37,0,0,88.88,False,6
615,1298139,NAM v NED,NAM,NED,NAM,1,David Wiese,11,5,8,1,0,220,True,7
616,1298139,NAM v NED,NAM,NED,NAM,1,JJ Smit,5,4,6,1,0,125,True,8
617,1298139,NAM v NED,NAM,NED,NED,2,Max O'Dowd,35,35,59,1,1,100,False,1
618,1298139,NAM v NED,NAM,NED,NED,2,Vikramjit Singh,39,31,37,3,2,125.8,False,2
619,1298139,NAM v NED,NAM,NED,NED,2,Bas de Leede,30,30,51,2,0,100,True,3
620,1298139,NAM v NED,NAM,NED,NED,2,Tom Cooper,6,6,7,1,0,100,False,4
621,1298139,NAM v NED,NAM,NED,NED,2,Colin Ackermann,0,2,2,0,0,0,False,5
622,1298139,NAM v NED,NAM,NED,NED,2,Scott Edwards,1,5,5,0,0,20,False,6
623,1298139,NAM v NED,NAM,NED,NED,2,Tim Pringle,8,9,14,0,0,88.88,True,7
624,1298138,IRE v ZIM,ZIM,IRE,ZIM,1,Regis Chakabva,0,2,3,0,0,0,False,1
625,1298138,IRE v ZIM,ZIM,IRE,ZIM,1,Craig Ervine,9,12,28,1,0,75,False,2
626,1298138,IRE v ZIM,ZIM,IRE,ZIM,1,Wessly Madhevere,22,19,22,4,0,115.78,False,3
627,1298138,IRE v ZIM,ZIM,IRE,ZIM,1,Sean Williams,12,11,24,0,1,109.09,False,4
628,1298138,IRE v ZIM,ZIM,IRE,ZIM,1,Sikandar Raza,82,48,72,5,5,170.83,False,5
629,1298138,IRE v ZIM,ZIM,IRE,ZIM,1,Milton Shumba,16,14,26,1,0,114.28,False,6
630,1298138,IRE v ZIM,ZIM,IRE,ZIM,1,Ryan Burl,1,4,9,0,0,25,False,7
631,1298138,IRE v ZIM,ZIM,IRE,ZIM,1,Luke Jongwe,20,10,14,3,0,200,True,8
632,1298138,IRE v ZIM,ZIM,IRE,IRE,2,Paul Stirling,0,2,3,0,0,0,False,1
633,1298138,IRE v ZIM,ZIM,IRE,IRE,2,Andy Balbirnie,3,4,20,0,0,75,False,2
634,1298138,IRE v ZIM,ZIM,IRE,IRE,2,Lorcan Tucker,11,11,10,2,0,100,False,3
635,1298138,IRE v ZIM,ZIM,IRE,IRE,2,Harry Tector,1,4,5,0,0,25,False,4
636,1298138,IRE v ZIM,ZIM,IRE,IRE,2,Curtis Campher,27,22,41,1,0,122.72,False,5
637,1298138,IRE v ZIM,ZIM,IRE,IRE,2,George Dockrell,24,20,25,3,0,120,False,6
638,1298138,IRE v ZIM,ZIM,IRE,IRE,2,Gareth Delany,24,20,23,1,1,120,False,7
639,1298138,IRE v ZIM,ZIM,IRE,IRE,2,Mark Adair,9,10,18,0,1,90,False,8
640,1298138,IRE v ZIM,ZIM,IRE,IRE,2,Simi Singh,0,1,1,0,0,0,False,9
641,1298138,IRE v ZIM,ZIM,IRE,IRE,2,Barry McCarthy,22,16,23,1,2,137.5,True,10
642,1298138,IRE v ZIM,ZIM,IRE,IRE,2,Josh Little,7,11,17,1,0,63.63,True,11
643,1298137,SCOT v WI,SCOT,WI,SCOT,1,George Munsey,66,53,106,9,0,124.52,True,1
644,1298137,SCOT v WI,SCOT,WI,SCOT,1,Michael Jones,20,17,36,3,0,117.64,False,2
645,1298137,SCOT v WI,SCOT,WI,SCOT,1,Matthew Cross,3,5,10,0,0,60,False,3
646,1298137,SCOT v WI,SCOT,WI,SCOT,1,Richie Berrington,16,14,21,0,1,114.28,False,4
647,1298137,SCOT v WI,SCOT,WI,SCOT,1,Calum MacLeod,23,14,15,4,0,164.28,False,5
648,1298137,SCOT v WI,SCOT,WI,SCOT,1,Michael Leask,4,6,8,0,0,66.66,False,6
649,1298137,SCOT v WI,SCOT,WI,SCOT,1,Chris Greaves,16,11,19,2,0,145.45,True,7
650,1298137,SCOT v WI,SCOT,WI,WI,2,Kyle Mayers,20,13,12,3,1,153.84,False,1
651,1298137,SCOT v WI,SCOT,WI,WI,2,Evin Lewis,14,13,30,1,1,107.69,False,2
652,1298137,SCOT v WI,SCOT,WI,WI,2,Brandon King,17,15,24,3,0,113.33,False,3
653,1298137,SCOT v WI,SCOT,WI,WI,2,Nicholas Pooran,5,9,14,0,0,55.55,False,4
654,1298137,SCOT v WI,SCOT,WI,WI,2,Shamarh Brooks,4,9,24,0,0,44.44,False,5
655,1298137,SCOT v WI,SCOT,WI,WI,2,Rovman Powell,5,6,12,0,0,83.33,False,6
656,1298137,SCOT v WI,SCOT,WI,WI,2,Jason Holder,38,33,37,4,1,115.15,False,7
657,1298137,SCOT v WI,SCOT,WI,WI,2,Akeal Hosein,1,1,4,0,0,100,False,8
658,1298137,SCOT v WI,SCOT,WI,WI,2,Alzarri Joseph,0,1,4,0,0,0,False,9
659,1298137,SCOT v WI,SCOT,WI,WI,2,Odean Smith,5,8,14,0,0,62.5,False,10
660,1298137,SCOT v WI,SCOT,WI,WI,2,Obed McCoy,2,3,10,0,0,66.66,True,11
661,1298136,NED v UAE,UAE,NED,UAE,1,Chirag Suri,12,20,28,1,0,60,False,1
662,1298136,NED v UAE,UAE,NED,UAE,1,Muhammad Waseem,41,47,71,1,2,87.23,False,2
663,1298136,NED v UAE,UAE,NED,UAE,1,Kashif Daud,15,14,19,0,1,107.14,False,3
664,1298136,NED v UAE,UAE,NED,UAE,1,Vriitya Aravind,18,21,37,0,0,85.71,False,4
665,1298136,NED v UAE,UAE,NED,UAE,1,Zawar Farid,2,4,8,0,0,50,False,5
666,1298136,NED v UAE,UAE,NED,UAE,1,Basil Hameed,4,4,7,1,0,100,False,6
667,1298136,NED v UAE,UAE,NED,UAE,1,Chundangapoyil Rizwan,1,2,7,0,0,50,False,7
668,1298136,NED v UAE,UAE,NED,UAE,1,Aayan Afzal Khan,5,7,8,0,0,71.42,False,8
669,1298136,NED v UAE,UAE,NED,UAE,1,Karthik Meiyappan,0,0,4,0,0,-,True,9
670,1298136,NED v UAE,UAE,NED,UAE,1,Junaid Siddique,0,1,1,0,0,0,True,10
671,1298136,NED v UAE,UAE,NED,NED,2,Vikramjit Singh,10,7,8,2,0,142.85,False,1
672,1298136,NED v UAE,UAE,NED,NED,2,Max O'Dowd,23,18,25,3,1,127.77,False,2
673,1298136,NED v UAE,UAE,NED,NED,2,Bas de Leede,14,18,37,1,0,77.77,False,3
674,1298136,NED v UAE,UAE,NED,NED,2,Colin Ackermann,17,19,33,1,0,89.47,False,4
675,1298136,NED v UAE,UAE,NED,NED,2,Tom Cooper,8,16,22,0,0,50,False,5
676,1298136,NED v UAE,UAE,NED,NED,2,Scott Edwards,16,19,42,0,0,84.21,True,6
677,1298136,NED v UAE,UAE,NED,NED,2,Roelof van der Merwe,0,2,4,0,0,0,False,7
678,1298136,NED v UAE,UAE,NED,NED,2,Tim Pringle,15,16,26,0,0,93.75,False,8
679,1298136,NED v UAE,UAE,NED,NED,2,Logan van Beek,4,4,7,0,0,100,True,9
680,1298135,NAM v SL,NAM,SL,NAM,1,Michael van Lingen,3,6,7,0,0,50,False,1
681,1298135,NAM v SL,NAM,SL,NAM,1,Divan la Cock,9,9,15,1,0,100,False,2
682,1298135,NAM v SL,NAM,SL,NAM,1,Jan Nicol Loftie-Eaton,20,12,18,1,2,166.66,False,3
683,1298135,NAM v SL,NAM,SL,NAM,1,Stephan Baard,26,24,49,2,0,108.33,False,4
684,1298135,NAM v SL,NAM,SL,NAM,1,Gerhard Erasmus,20,24,30,0,0,83.33,False,5
685,1298135,NAM v SL,NAM,SL,NAM,1,Jan Frylinck,44,28,44,4,0,157.14,False,6
686,1298135,NAM v SL,NAM,SL,NAM,1,David Wiese,0,1,4,0,0,0,False,7
687,1298135,NAM v SL,NAM,SL,NAM,1,JJ Smit,31,16,29,2,2,193.75,True,8
688,1298135,NAM v SL,NAM,SL,SL,2,Pathum Nissanka,9,10,16,1,0,90,False,1
689,1298135,NAM v SL,NAM,SL,SL,2,Kusal Mendis,6,6,8,0,0,100,False,2
690,1298135,NAM v SL,NAM,SL,SL,2,Dhananjaya de Silva,12,11,25,1,0,109.09,False,3
691,1298135,NAM v SL,NAM,SL,SL,2,Danushka Gunathilaka,0,1,2,0,0,0,False,4
692,1298135,NAM v SL,NAM,SL,SL,2,Bhanuka Rajapaksa,20,21,39,2,0,95.23,False,5
693,1298135,NAM v SL,NAM,SL,SL,2,Dasun Shanaka,29,23,37,2,1,126.08,False,6
694,1298135,NAM v SL,NAM,SL,SL,2,Wanindu Hasaranga de Silva,4,8,9,0,0,50,False,7
695,1298135,NAM v SL,NAM,SL,SL,2,Chamika Karunaratne,5,8,15,0,0,62.5,False,8
696,1298135,NAM v SL,NAM,SL,SL,2,Pramod Madushan,0,0,4,0,0,-,False,9
697,1298135,NAM v SL,NAM,SL,SL,2,Dushmantha Chameera,8,15,20,0,0,53.33,False,10
698,1298135,NAM v SL,NAM,SL,SL,2,Maheesh Theekshana,11,11,14,0,1,100,True,11
